Geo Point,Geo Shape,Ambulance,Biker Age Group,Biker Age,Bike Direction,Biker Injury,Bike Position,Biker Race,Biker Sex,City,County,crashalcoh,Day,Cause of Incident,Location of Crash,Month,Time (Military Time),Crash Type,Year,crsh_sevri,Development,drvrage_gr,Driver Age,drvr_alc_d,drvr_estep,Driver Injury,Driver Race,Driver Sex,Driver Vehicle Type,Excessive Speeding,Hit and Run,Lighting Conditions,Locality,Number of Lanes,Number of Units,Road Characteristics,Road Class,rd_conditi,Road Configuration,Road Defects,Road Feature,Road Surface,Rural/Urban,Speed Limit,Traffic Control,Weather,Workzone
"35.920493095, -79.0517427412","{u'type': u'Point', u'coordinates': [-79.05174274124697, 35.92049309496242]}",No,20-24,20,With Traffic,Unknown Injury,Travel Lane,White,Male,Chapel Hill,Orange,No,Saturday,Motorist Failed to Yield - Midblock,Non-Intersection,May,9:56,Motorist Drive Out - Residential Driveway,2008,O: No Injury,Residential,20-24,22,No,Unknown,O: No Injury,White,Male,Passenger Car,No,No,Daylight,Urban (>70% Developed),2 lanes,2,Straight - Grade,Local Street,Dry,"Two-Way, Not Divided",None,No Special Feature,Smooth Asphalt,Urban,20 - 25  MPH,Missing,Cloudy,No
"35.9116570929, -79.0626027443","{u'type': u'Point', u'coordinates': [-79.06260274433822, 35.911657092877284]}",Yes,50-59,54,With Traffic,C: Possible Injury,Travel Lane,White,Male,Chapel Hill,Orange,No,Tuesday,Bicyclist Overtaking Motorist,Intersection-Related,November,17:25,Bicyclist Overtaking - Extended Door,2012,C: Possible Injury,Residential,30-39,31,No,0-5 mph,O: No Injury,White,Female,Passenger Car,No,No,Dark - Lighted Roadway,Urban (>70% Developed),2 lanes,2,Straight - Level,Local Street,Wet,"Two-Way, Divided, Unprotected Median",None,No Special Feature,Smooth Asphalt,Urban,20 - 25  MPH,"Double Yellow Line, No Passing Zone",Rain,No
"35.9292600975, -79.0340327369","{u'type': u'Point', u'coordinates': [-79.03403273690124, 35.929260097465054]}",Yes,10-Jun,8,Unknown,B: Evident Injury,Sidewalk / Crosswalk / Driveway Crossing,Black,Female,Chapel Hill,Orange,No,Friday,Motorist Failed to Yield - Midblock,Non-Intersection,June,14:42,Motorist Drive Out - Residential Driveway,2009,B: Evident Injury,Commercial,30-39,32,No,0-5 mph,O: No Injury,White,Male,Van,No,No,Daylight,Urban (>70% Developed),2 lanes,2,Straight - Grade,Local Street,Dry,"Two-Way, Not Divided",None,"Driveway, Public",Smooth Asphalt,Urban,30 - 35  MPH,No Control Present,Clear,No
"35.9109370928, -79.0673027457","{u'type': u'Point', u'coordinates': [-79.06730274566631, 35.9109370928245]}",Yes,50-59,51,Facing Traffic,C: Possible Injury,Sidewalk / Crosswalk / Driveway Crossing,Black,Male,Carrboro,Orange,No,Monday,Motorist Failed to Yield - Midblock,Non-Intersection,September,14:09,Motorist Drive Out - Commercial Driveway / Alley,2011,C: Possible Injury,Commercial,40-49,42,No,11-15 mph,O: No Injury,White,Male,Pickup,No,No,Daylight,Urban (>70% Developed),4 lanes,2,Straight - Level,Unknown,Dry,"Two-Way, Not Divided",None,"Driveway, Public",Smooth Asphalt,Urban,30 - 35  MPH,No Control Present,Clear,No
"35.9156790936, -79.0573827427","{u'type': u'Point', u'coordinates': [-79.0573827426931, 35.91567909356852]}",Yes,25-29,25,Facing Traffic,B: Evident Injury,Travel Lane,White,Male,Chapel Hill,Orange,No,Friday,Crossing Paths - Other Circumstances,Intersection,August,21:55,Crossing Paths - Uncontrolled Intersection,2008,B: Evident Injury,Residential,20-24,20,No,6-10 mph,O: No Injury,White,Male,Passenger Car,No,No,Dark - Lighted Roadway,Urban (>70% Developed),2 lanes,2,Straight - Level,Local Street,Dry,"Two-Way, Not Divided",None,T-Intersection,Smooth Asphalt,Urban,20 - 25  MPH,No Control Present,Cloudy,No
"35.9021470911, -79.0442727384","{u'type': u'Point', u'coordinates': [-79.0442727384287, 35.90214709107797]}",Yes,20-24,21,With Traffic,B: Evident Injury,Travel Lane,White,Male,Chapel Hill,Orange,No,Wednesday,Motorist Left Turn / Merge,Intersection,September,10:52,Motorist Left Turn - Opposite Direction,2009,B: Evident Injury,Institutional,40-49,40,No,6-10 mph,Unknown Injury,Black,Male,Pickup,No,No,Unknown,Urban (>70% Developed),6 lanes,2,Straight - Bottom,Local Street,Dry,"Two-Way, Divided, Unprotected Median",None,No Special Feature,Smooth Asphalt,Urban,20 - 25  MPH,No Control Present,Clear,No
"35.9110100003, -79.072","{u'type': u'Point', u'coordinates': [-79.07200000001718, 35.91101000029831]}",Yes,30-39,37,With Traffic,C: Possible Injury,Travel Lane,White,Male,Carrboro,Orange,No,Saturday,Bicyclist Overtaking Motorist,Non-Intersection,March,19:03,Bicyclist Overtaking - Passing on Right,2013,C: Possible Injury,Commercial,20-24,20,No,0-5 mph,O: No Injury,White,Female,Passenger Car,No,No,Daylight,Urban (>70% Developed),3 lanes,2,Straight - Level,Local Street,Dry,"Two-Way, Not Divided",None,Four-Way Intersection,Coarse Asphalt,Urban,20 - 25  MPH,Stop And Go Signal,Clear,No
"35.9118040928, -79.0595927434","{u'type': u'Point', u'coordinates': [-79.05959274344367, 35.91180409275102]}",No,25-29,27,With Traffic,C: Possible Injury,Sidewalk / Crosswalk / Driveway Crossing,White,Female,Chapel Hill,Orange,No,Tuesday,Crossing Paths - Other Circumstances,Intersection,December,18:07,Signalized Intersection - Other / Unknown,2008,C: Possible Injury,Commercial,20-24,21,No,0-5 mph,O: No Injury,White,Female,Passenger Car,No,No,Dark - Lighted Roadway,Urban (>70% Developed),Unknown,2,Straight - Level,Public Vehicular Area,Wet,"Two-Way, Not Divided",None,No Special Feature,Smooth Asphalt,Urban,5 - 15 MPH,Stop And Go Signal,Cloudy,No
"35.9070700915, -79.0638927439","{u'type': u'Point', u'coordinates': [-79.0638927439405, 35.907070091527046]}",No,20-24,21,With Traffic,C: Possible Injury,Sidewalk / Crosswalk / Driveway Crossing,Asian,Female,Carrboro,Orange,No,Thursday,Bicyclist Left Turn / Merge,Intersection,September,7:49,Bicyclist Left Turn - Opposite Direction,2010,C: Possible Injury,Commercial,40-49,47,No,6-10 mph,O: No Injury,Black,Female,Passenger Car,No,No,Daylight,Urban (>70% Developed),2 lanes,2,Curve - Grade,Local Street,Dry,"Two-Way, Not Divided",None,T-Intersection,Smooth Asphalt,Urban,20 - 25  MPH,Stop And Go Signal,Clear,No
"35.9086970922, -79.0499327405","{u'type': u'Point', u'coordinates': [-79.04993274050086, 35.908697092155776]}",No,20-24,21,With Traffic,C: Possible Injury,Travel Lane,White,Male,Chapel Hill,Orange,No,Wednesday,Motorist Left Turn / Merge,Intersection,April,17:28,Motorist Left Turn - Opposite Direction,2008,C: Possible Injury,Institutional,20-24,24,No,Unknown,O: No Injury,White,Female,Passenger Car,No,No,Daylight,Urban (>70% Developed),2 lanes,2,Straight - Level,Local Street,Dry,"Two-Way, Divided, Unprotected Median",None,No Special Feature,Smooth Asphalt,Urban,Unknown,Missing,Clear,No
"35.9032130918, -79.0479327393","{u'type': u'Point', u'coordinates': [-79.04793273926721, 35.90321309175756]}",Yes,20-24,20,With Traffic,B: Evident Injury,Sidewalk / Crosswalk / Driveway Crossing,Asian,Female,Chapel Hill,Orange,No,Thursday,Parallel Paths - Other Circumstances,Non-Intersection,October,15:34,Bicyclist Ride Out - Parallel Path,2010,B: Evident Injury,Institutional,25-29,27,No,11-15 mph,Unknown Injury,Black,Male,Other Bus,No,No,Daylight,Mixed (30% To 70% Developed),4 lanes,2,Straight - Level,Local Street,Dry,"Two-Way, Not Divided",None,No Special Feature,Smooth Asphalt,Urban,20 - 25  MPH,Stop And Go Signal,Clear,No
"35.9278670923, -79.1747427788","{u'type': u'Point', u'coordinates': [-79.17474277880629, 35.92786709233094]}",No,50-59,51,With Traffic,B: Evident Injury,Travel Lane,White,Male,None - Rural Crash,Orange,No,Thursday,Motorist Overtaking Bicyclist,Non-Intersection,April,20:38,Motorist Overtaking - Undetected Bicyclist,2008,B: Evident Injury,"Farms, Woods, Pastures",40-49,49,No,41-45 mph,O: No Injury,Black,Male,Sport Utility,No,No,Dark - Roadway Not Lighted,Mixed (30% To 70% Developed),2 lanes,2,Straight - Level,State Secondary Route,Dry,"Two-Way, Not Divided",None,No Special Feature,Smooth Asphalt,Rural,40 - 45  MPH,"Double Yellow Line, No Passing Zone",Clear,No
"35.9097320913, -79.0904327522","{u'type': u'Point', u'coordinates': [-79.09043275215946, 35.90973209128756]}",No,40-49,42,With Traffic,C: Possible Injury,Bike Lane / Paved Shoulder,Asian,Female,Carrboro,Orange,No,Thursday,Motorist Overtaking Bicyclist,Non-Intersection,December,7:52,Motorist Overtaking - Bicyclist Swerved,2007,C: Possible Injury,Residential,50-59,58,No,36-40 mph,O: No Injury,White,Male,Passenger Car,No,No,Daylight,Rural (<30% Developed),4 lanes,2,Straight - Level,NC Route,Dry,"Two-Way, Not Divided",None,No Special Feature,Smooth Asphalt,Urban,40 - 45  MPH,No Control Present,Clear,No
"35.9397000987, -79.0546827436","{u'type': u'Point', u'coordinates': [-79.0546827435711, 35.939700098700825]}",Yes,30-39,32,With Traffic,C: Possible Injury,Travel Lane,White,Male,Chapel Hill,Orange,No,Tuesday,Motorist Overtaking Bicyclist,Intersection-Related,September,19:03,Motorist Overtaking - Undetected Bicyclist,2010,C: Possible Injury,Residential,60-69,61,No,31-35 mph,O: No Injury,White,Female,Passenger Car,No,No,Daylight,Urban (>70% Developed),2 lanes,2,Straight - Level,Local Street,Dry,"Two-Way, Not Divided",None,No Special Feature,Smooth Asphalt,Urban,30 - 35  MPH,No Control Present,Clear,No
"35.9004070914, -79.0408027366","{u'type': u'Point', u'coordinates': [-79.04080273660105, 35.90040709137532]}",No,16-19,19,With Traffic,B: Evident Injury,Travel Lane,Asian,Male,Chapel Hill,Orange,No,Wednesday,Bicyclist Left Turn / Merge,Non-Intersection,April,15:27,Bicyclist Left Turn - Same Direction,2012,B: Evident Injury,Institutional,25-29,26,No,11-15 mph,O: No Injury,White,Male,Sport Utility,No,No,Daylight,Urban (>70% Developed),4 lanes,2,Straight - Grade,Local Street,Dry,"Two-Way, Not Divided",None,No Special Feature,Smooth Asphalt,Urban,20 - 25  MPH,No Control Present,Clear,No
"35.918262094, -79.0589777438","{u'type': u'Point', u'coordinates': [-79.0589777438042, 35.91826209400781]}",Yes,15-Nov,12,Unknown,B: Evident Injury,Travel Lane,Black,Male,Chapel Hill,Orange,No,Saturday,Bicyclist Failed to Yield - Sign-Controlled Intersection,Intersection,May,16:04,Bicyclist Ride Through - Sign-Controlled Intersection,2007,B: Evident Injury,Residential,20-24,22,No,21-25 mph,O: No Injury,White,Male,Passenger Car,No,No,Daylight,Urban (>70% Developed),2 lanes,2,Straight - Grade,Local Street,Dry,"Two-Way, Not Divided",None,T-Intersection,Smooth Asphalt,Urban,20 - 25  MPH,Stop Sign,Cloudy,No
"36.0322271212, -78.9896027284","{u'type': u'Point', u'coordinates': [-78.98960272835374, 36.0322271211577]}",Yes,40-49,44,With Traffic,C: Possible Injury,Travel Lane,White,Male,None - Rural Crash,Orange,Yes,Thursday,Motorist Overtaking Bicyclist,Intersection-Related,April,0:49,Motorist Overtaking - Other / Unknown,2011,C: Possible Injury,Residential,Unknown,Unknown,No,26-30 mph,Unknown Injury,Unknown/Missing,Unknown,Unknown,No,Yes,Dark - Roadway Not Lighted,Mixed (30% To 70% Developed),9 or more lanes,2,Straight - Grade,State Secondary Route,Dry,"Two-Way, Not Divided",None,No Special Feature,Smooth Asphalt,Rural,40 - 45  MPH,"Double Yellow Line, No Passing Zone",Clear,No
"35.943357102, -78.9831927216","{u'type': u'Point', u'coordinates': [-78.98319272161636, 35.94335710203739]}",Yes,20-24,22,With Traffic,A: Disabling Injury,Travel Lane,White,Male,Durham,Durham,Yes,Saturday,Motorist Left Turn / Merge,Intersection,August,23:51,Motorist Left Turn - Opposite Direction,2009,A: Disabling Injury,Residential,25-29,26,No,31-35 mph,O: No Injury,Black,Female,Passenger Car,No,Yes,Dark - Roadway Not Lighted,Urban (>70% Developed),2 lanes,2,Straight - Grade,Local Street,Dry,"Two-Way, Not Divided",None,Four-Way Intersection,Smooth Asphalt,Urban,30 - 35  MPH,Stop And Go Signal,Clear,No
"35.8830070866, -79.0698267451","{u'type': u'Point', u'coordinates': [-79.06982674509997, 35.883007086647844]}",Yes,10-Jun,9,With Traffic,C: Possible Injury,Sidewalk / Crosswalk / Driveway Crossing,White,Male,Chapel Hill,Orange,No,Wednesday,Motorist Right Turn / Merge,Intersection,September,7:35,Motorist Right Turn - Same Direction,2009,C: Possible Injury,Residential,40-49,43,No,0-5 mph,O: No Injury,Asian,Female,"Light Truck (Mini-Van, Panel)",No,No,Daylight,Urban (>70% Developed),2 lanes,2,Straight - Level,Local Street,Dry,"Two-Way, Not Divided",None,Y-Intersection,Smooth Asphalt,Urban,20 - 25  MPH,Stop Sign,Clear,No
"35.8849140869, -79.0670877444","{u'type': u'Point', u'coordinates': [-79.06708774440911, 35.88491408691178]}",No,10-Jun,8,Not Applicable,C: Possible Injury,Driveway / Alley,White,Male,Chapel Hill,Orange,No,Friday,Bicyclist Failed to Yield - Midblock,Non-Intersection,December,15:42,Bicyclist Ride Out - Residential Driveway,2008,C: Possible Injury,Residential,40-49,48,No,16-20 mph,O: No Injury,White,Female,Passenger Car,No,No,Daylight,Urban (>70% Developed),2 lanes,2,Straight - Hillcrest,Local Street,Dry,"Two-Way, Not Divided",None,No Special Feature,Smooth Asphalt,Urban,20 - 25  MPH,Missing,Clear,No
"35.9052040917, -79.0551127419","{u'type': u'Point', u'coordinates': [-79.05511274189362, 35.905204091726375]}",Yes,30-39,34,Facing Traffic,C: Possible Injury,Travel Lane,Asian,Male,Chapel Hill,Orange,No,Tuesday,Loss of Control / Turning Error,Intersection,July,17:24,Bicyclist Turning Error - Left Turn,2007,C: Possible Injury,Residential,30-39,39,No,0-5 mph,O: No Injury,White,Male,Passenger Car,No,No,Daylight,Urban (>70% Developed),2 lanes,2,Straight - Level,Local Street,Wet,"Two-Way, Not Divided",None,T-Intersection,Smooth Asphalt,Urban,20 - 25  MPH,Stop Sign,Rain,No
"35.9486699999, -78.9689000002","{u'type': u'Point', u'coordinates': [-78.96890000017727, 35.948669999861636]}",No,15-Nov,15,With Traffic,C: Possible Injury,Sidewalk / Crosswalk / Driveway Crossing,Black,Male,Durham,Durham,No,Monday,Bicyclist Failed to Yield - Signalized Intersection,Intersection,April,18:50,Bicyclist Ride Out - Signalized  Intersection,2013,C: Possible Injury,Industrial,30-39,30,No,41-45 mph,O: No Injury,White,Male,Sport Utility,No,No,Daylight,Urban (>70% Developed),2 lanes,2,Straight - Level,Local Street,Dry,"Two-Way, Not Divided",None,No Special Feature,Smooth Asphalt,Urban,40 - 45  MPH,No Control Present,Clear,No
"35.9088470921, -79.0593027428","{u'type': u'Point', u'coordinates': [-79.05930274282764, 35.908847092122464]}",No,20-24,22,With Traffic,B: Evident Injury,Travel Lane,White,Male,Chapel Hill,Orange,No,Tuesday,Motorist Left Turn / Merge,Intersection,July,17:24,Motorist Left Turn - Opposite Direction,2012,B: Evident Injury,Residential,0-19,16,No,21-25 mph,O: No Injury,White,Male,Pickup,No,No,Daylight,Urban (>70% Developed),2 lanes,2,Straight - Level,Local Street,Dry,"Two-Way, Not Divided",None,T-Intersection,Coarse Asphalt,Urban,20 - 25  MPH,No Control Present,Clear,No
"35.9122170933, -79.0503027406","{u'type': u'Point', u'coordinates': [-79.0503027405566, 35.9122170933067]}",Yes,20-24,21,With Traffic,B: Evident Injury,Travel Lane,White,Female,Chapel Hill,Orange,No,Tuesday,Bicyclist Overtaking Motorist,Intersection-Related,August,12:41,Bicyclist Overtaking - Passing on Right,2012,B: Evident Injury,Commercial,60-69,63,No,Unknown,O: No Injury,White,Male,Passenger Car,No,No,Daylight,Urban (>70% Developed),2 lanes,2,Straight - Level,Local Street,Dry,"Two-Way, Not Divided",None,No Special Feature,Coarse Asphalt,Urban,20 - 25  MPH,Stop Sign,Cloudy,No
"35.9239650943, -79.0903527532","{u'type': u'Point', u'coordinates': [-79.09035275315159, 35.92396509431087]}",No,25-29,29,With Traffic,B: Evident Injury,Travel Lane,White,Female,Carrboro,Orange,No,Tuesday,Motorist Failed to Yield - Midblock,Non-Intersection,December,17:45,Motorist Drive Out - Residential Driveway,2009,B: Evident Injury,Residential,40-49,43,No,0-5 mph,O: No Injury,White,Male,Passenger Car,No,No,Dark - Roadway Not Lighted,Urban (>70% Developed),Unknown,2,Straight - Level,Local Street,Dry,"Two-Way, Not Divided",None,No Special Feature,Coarse Asphalt,Urban,30 - 35  MPH,No Control Present,Clear,No
"35.9099370924, -79.056182742","{u'type': u'Point', u'coordinates': [-79.0561827419765, 35.90993709243556]}",No,30-39,33,With Traffic,C: Possible Injury,Bike Lane / Paved Shoulder,White,Male,Chapel Hill,Orange,No,Tuesday,Motorist Right Turn / Merge,Non-Intersection,February,12:02,Motorist Right Turn - Same Direction,2009,C: Possible Injury,Residential,30-39,33,No,0-5 mph,O: No Injury,White,Male,Passenger Car,No,No,Daylight,Urban (>70% Developed),2 lanes,2,Straight - Grade,Local Street,Dry,"Two-Way, Not Divided",None,"Driveway, Public",Smooth Asphalt,Urban,20 - 25  MPH,"Double Yellow Line, No Passing Zone",Clear,No
"35.9090110923, -79.0669527452","{u'type': u'Point', u'coordinates': [-79.06695274518474, 35.909011092280814]}",Yes,20-24,23,Not Applicable,C: Possible Injury,Multi-use Path,White,Female,Carrboro,Orange,No,Thursday,Bicyclist Failed to Yield - Sign-Controlled Intersection,Intersection,August,8:58,Bicyclist Ride Through - Sign-Controlled Intersection,2008,C: Possible Injury,Commercial,40-49,48,No,16-20 mph,O: No Injury,White,Male,Van,No,No,Daylight,Urban (>70% Developed),2 lanes,2,Straight - Hillcrest,Local Street,Dry,"Two-Way, Not Divided",None,No Special Feature,Smooth Asphalt,Urban,20 - 25  MPH,Stop Sign,Clear,No
"35.9421199996, -79.0178999996","{u'type': u'Point', u'coordinates': [-79.01789999960326, 35.94211999956423]}",No,16-19,19,Not Applicable,C: Possible Injury,Travel Lane,Black,Male,Chapel Hill,Orange,No,Friday,Bicyclist Failed to Yield - Midblock,Non-Intersection,September,15:43,Bicyclist Ride Out - Midblock - Unknown,2013,C: Possible Injury,Commercial,60-69,67,No,6-10 mph,O: No Injury,White,Female,Passenger Car,No,No,Daylight,Urban (>70% Developed),2 lanes,2,Straight - Level,NC Route,Dry,"Two-Way, Divided, Positive Median Barrier",None,No Special Feature,Concrete,Urban,40 - 45  MPH,No Control Present,Clear,No
"35.902987093, -79.0108027277","{u'type': u'Point', u'coordinates': [-79.01080272773505, 35.90298709303507]}",Yes,50-59,51,With Traffic,B: Evident Injury,Travel Lane,White,Male,Chapel Hill,Orange,Yes,Thursday,Bicyclist Right Turn / Merge,Intersection-Related,August,16:06,Bicyclist Right Turn - Same Direction,2012,B: Evident Injury,Commercial,20-24,24,No,0-5 mph,O: No Injury,White,Female,Passenger Car,No,No,Daylight,Urban (>70% Developed),6 lanes,2,Straight - Level,NC Route,Dry,"Two-Way, Divided, Unprotected Median",None,No Special Feature,Smooth Asphalt,Urban,40 - 45  MPH,No Control Present,Clear,No
"35.9352790982, -79.0560177439","{u'type': u'Point', u'coordinates': [-79.05601774388467, 35.93527909823596]}",Yes,60-69,63,Facing Traffic,C: Possible Injury,Sidewalk / Crosswalk / Driveway Crossing,White,Male,Chapel Hill,Orange,No,Monday,Motorist Failed to Yield - Signalized Intersection,Intersection,July,13:56,Motorist Drive Out - Right Turn on Red,2008,C: Possible Injury,Residential,60-69,62,No,0-5 mph,O: No Injury,Black,Male,Passenger Car,No,No,Daylight,Urban (>70% Developed),2 lanes,2,Straight - Level,Local Street,Dry,"Two-Way, Not Divided",None,Related To Intersection,Smooth Asphalt,Urban,30 - 35  MPH,Stop And Go Signal,Clear,No
"35.9055440906, -79.0874227514","{u'type': u'Point', u'coordinates': [-79.08742275142457, 35.905544090551444]}",No,25-29,29,With Traffic,O: No Injury,Travel Lane,White,Male,Carrboro,Orange,No,Tuesday,Motorist Failed to Yield - Sign-Controlled Intersection,Intersection,November,18:07,Motorist Drive Out - Sign-Controlled Intersection,2009,O: No Injury,Commercial,20-24,22,No,6-10 mph,O: No Injury,White,Male,Passenger Car,No,No,Dusk,Urban (>70% Developed),6 lanes,2,Straight - Grade,Local Street,Dry,"Two-Way, Divided, Positive Median Barrier",None,On or Off Ramp,Smooth Asphalt,Urban,30 - 35  MPH,Stop Sign,Clear,No
"35.910713092, -79.0694927463","{u'type': u'Point', u'coordinates': [-79.06949274629599, 35.91071309202721]}",No,25-29,29,With Traffic,O: No Injury,Unknown,White,Male,Carrboro,Orange,No,Tuesday,Motorist Right Turn / Merge,Intersection,April,15:09,Motorist Right Turn - Same Direction,2007,O: No Injury,Commercial,20-24,22,No,31-35 mph,O: No Injury,Black,Male,Unknown,No,Yes,Daylight,Urban (>70% Developed),4 lanes,2,Straight - Level,Local Street,Dry,"Two-Way, Not Divided",None,No Special Feature,Coarse Asphalt,Urban,20 - 25  MPH,No Control Present,Clear,No
"35.927877096, -79.0676027463","{u'type': u'Point', u'coordinates': [-79.06760274629634, 35.927877095975425]}",Yes,20-24,23,With Traffic,B: Evident Injury,Bike Lane / Paved Shoulder,White,Male,None - Rural Crash,Orange,No,Tuesday,Motorist Overtaking Bicyclist,Non-Intersection,April,9:52,Motorist Overtaking - Other / Unknown,2012,B: Evident Injury,Residential,Unknown,Unknown,No,31-35 mph,Unknown Injury,Unknown/Missing,Unknown,Unknown,No,Yes,Daylight,Rural (<30% Developed),2 lanes,2,Curve - Level,Local Street,Dry,"Two-Way, Not Divided",Unknown,No Special Feature,Smooth Asphalt,Rural,30 - 35  MPH,No Control Present,Clear,No
"35.9086970921, -79.0483027393","{u'type': u'Point', u'coordinates': [-79.04830273927124, 35.9086970921484]}",No,16-19,18,With Traffic,B: Evident Injury,Travel Lane,White,Male,Chapel Hill,Orange,No,Thursday,Bicyclist Overtaking Motorist,Non-Intersection,January,17:13,Bicyclist Overtaking - Other / Unknown,2012,B: Evident Injury,Institutional,60-69,62,No,6-10 mph,O: No Injury,White,Male,Passenger Car,No,No,Daylight,Urban (>70% Developed),Unknown,2,Straight - Level,Public Vehicular Area,Dry,"Two-Way, Not Divided",None,No Special Feature,Smooth Asphalt,Urban,5 - 15 MPH,No Control Present,Cloudy,No
"35.8709299996, -79.0685999996","{u'type': u'Point', u'coordinates': [-79.06859999963113, 35.87092999961733]}",Yes,40-49,41,With Traffic,K: Killed,Travel Lane,Black,Male,None - Rural Crash,Orange,Yes,Thursday,Motorist Overtaking Bicyclist,Non-Intersection,September,23:35,Motorist Overtaking - Other / Unknown,2013,K: Killed,"Farms, Woods, Pastures",Unknown,Unknown,No,61-65 mph,Unknown Injury,Unknown/Missing,Unknown,Unknown,Yes,Yes,Dark - Roadway Not Lighted,Rural (<30% Developed),4 lanes,3,Straight - Level,US Route,Dry,"Two-Way, Divided, Unprotected Median",None,No Special Feature,Smooth Asphalt,Rural,40 - 45  MPH,No Control Present,Clear,No
"35.9125000004, -79.0721999998","{u'type': u'Point', u'coordinates': [-79.07219999978639, 35.91250000037073]}",Yes,50-59,57,Facing Traffic,C: Possible Injury,Sidewalk / Crosswalk / Driveway Crossing,Black,Male,Carrboro,Orange,No,Wednesday,Motorist Failed to Yield - Midblock,Non-Intersection,November,8:19,Motorist Drive Out - Commercial Driveway / Alley,2013,C: Possible Injury,Commercial,60-69,66,No,0-5 mph,O: No Injury,White,Male,Passenger Car,No,No,Daylight,Urban (>70% Developed),Unknown,2,Straight - Level,Public Vehicular Area,Dry,"Two-Way, Not Divided",None,"Driveway, Public",Smooth Asphalt,Urban,Unknown,No Control Present,Clear,No
"35.9130010937, -79.0478327403","{u'type': u'Point', u'coordinates': [-79.04783274031658, 35.91300109373198]}",Yes,50-59,54,With Traffic,B: Evident Injury,Travel Lane,White,Male,Chapel Hill,Orange,No,Thursday,Motorist Overtaking Bicyclist,Non-Intersection,September,7:46,Motorist Overtaking - Misjudged Space,2009,B: Evident Injury,Institutional,60-69,67,No,0-5 mph,O: No Injury,Black,Male,Commercial Bus,No,No,Daylight,Urban (>70% Developed),4 lanes,2,Straight - Grade,Local Street,Dry,"Two-Way, Not Divided",None,No Special Feature,Coarse Asphalt,Urban,20 - 25  MPH,Stop And Go Signal,Cloudy,No
"35.9117170925, -79.0593027432","{u'type': u'Point', u'coordinates': [-79.05930274316084, 35.91171709249585]}",Yes,20-24,24,With Traffic,B: Evident Injury,Travel Lane,White,Male,Chapel Hill,Orange,No,Wednesday,Motorist Left Turn / Merge,Non-Intersection,February,16:23,Motorist Left Turn - Opposite Direction,2012,B: Evident Injury,Commercial,20-24,22,No,6-10 mph,O: No Injury,White,Female,Passenger Car,No,No,Daylight,Urban (>70% Developed),4 lanes,2,Straight - Grade,Local Street,Dry,"Two-Way, Not Divided",None,No Special Feature,Smooth Asphalt,Urban,20 - 25  MPH,No Control Present,Clear,No
"35.9312010971, -79.0625427456","{u'type': u'Point', u'coordinates': [-79.06254274560425, 35.93120109713329]}",Yes,40-49,45,With Traffic,C: Possible Injury,Bike Lane / Paved Shoulder,White,Male,Chapel Hill,Orange,No,Thursday,Bicyclist Overtaking Motorist,Non-Intersection,June,17:27,Bicyclist Overtaking - Other / Unknown,2009,C: Possible Injury,"Farms, Woods, Pastures",Unknown,Unknown,Missing,Unknown,Unknown Injury,Unknown/Missing,Unknown,Van,No,No,Daylight,Mixed (30% To 70% Developed),2 lanes,2,Straight - Level,Local Street,Dry,"Two-Way, Not Divided",None,No Special Feature,Smooth Asphalt,Urban,30 - 35  MPH,"Double Yellow Line, No Passing Zone",Clear,No
"35.9111440925, -79.0637527441","{u'type': u'Point', u'coordinates': [-79.06375274410756, 35.91114409246256]}",Yes,30-39,38,With Traffic,B: Evident Injury,Travel Lane,White,Male,Chapel Hill,Orange,No,Saturday,Motorist Left Turn / Merge,Intersection,October,16:58,Motorist Left Turn - Opposite Direction,2010,B: Evident Injury,Commercial,60-69,68,No,16-20 mph,O: No Injury,White,Female,Passenger Car,No,No,Daylight,Urban (>70% Developed),2 lanes,2,Straight - Level,Local Street,Dry,"Two-Way, Not Divided",None,T-Intersection,Smooth Asphalt,Urban,20 - 25  MPH,Stop And Go Signal,Clear,No
"36.0100891165, -78.9899527275","{u'type': u'Point', u'coordinates': [-78.98995272751156, 36.01008911651919]}",No,40-49,49,With Traffic,B: Evident Injury,Travel Lane,White,Male,None - Rural Crash,Durham,No,Thursday,Motorist Failed to Yield - Sign-Controlled Intersection,Intersection,April,17:25,Motorist Drive Out - Sign-Controlled Intersection,2008,B: Evident Injury,"Farms, Woods, Pastures",40-49,40,No,Unknown,O: No Injury,White,Female,Passenger Car,No,No,Daylight,Rural (<30% Developed),2 lanes,2,Curve - Bottom,State Secondary Route,Dry,"Two-Way, Not Divided",None,Four-Way Intersection,Smooth Asphalt,Rural,Unknown,Stop Sign,Clear,No