Geo Point,Geo Shape,Ambulance,Biker Age Group,Biker Age,Bike Direction,Biker Injury,Bike Position,Biker Race,Biker Sex,City,County,crashalcoh,Day,Cause of Incident,Location of Crash,Month,Time (Military Time),Crash Type,Year,crsh_sevri,Development,drvrage_gr,Driver Age,drvr_alc_d,drvr_estep,Driver Injury,Driver Race,Driver Sex,Driver Vehicle Type,Excessive Speeding,Hit and Run,Lighting Conditions,Locality,Number of Lanes,Number of Units,Road Characteristics,Road Class,rd_conditi,Road Configuration,Road Defects,Road Feature,Road Surface,Rural/Urban,Speed Limit,Traffic Control,Weather,Workzone
"35.8452220778, -79.0903127495","{u'type': u'Point', u'coordinates': [-79.09031274951566, 35.84522207781903]}",No,16-19,18,Not Applicable,O: No Injury,Non-Roadway,White,Male,None - Rural Crash,Chatham,No,Thursday,Non-Roadway,Non-Roadway,July,17:35,Non-Roadway,2008,O: No Injury,Commercial,30-39,36,No,11-15 mph,O: No Injury,White,Female,Van,No,No,Daylight,Rural (<30% Developed),Unknown,2,Straight - Level,Public Vehicular Area,Dry,"Two-Way, Not Divided",None,No Special Feature,Smooth Asphalt,Rural,5 - 15 MPH,No Control Present,Clear,No
"36.01185, -78.9953999996","{u'type': u'Point', u'coordinates': [-78.99539999956059, 36.0118499999684]}",Yes,50-59,53,With Traffic,B: Evident Injury,Travel Lane,Other,Male,None - Rural Crash,Orange,No,Tuesday,Motorist Overtaking Bicyclist,Non-Intersection,July,19:37,Motorist Overtaking - Undetected Bicyclist,2013,B: Evident Injury,"Farms, Woods, Pastures",40-49,46,No,41-45 mph,O: No Injury,Black,Male,Sport Utility,No,No,Daylight,Rural (<30% Developed),2 lanes,2,Straight - Grade,State Secondary Route,Dry,"Two-Way, Not Divided",None,No Special Feature,Smooth Asphalt,Rural,40 - 45  MPH,"Double Yellow Line, No Passing Zone",Clear,No
"35.9110270926, -79.061282744","{u'type': u'Point', u'coordinates': [-79.06128274404988, 35.911027092594004]}",Yes,50-59,56,With Traffic,B: Evident Injury,Travel Lane,Black,Male,Chapel Hill,Orange,No,Wednesday,Head-On,Non-Intersection,May,9:32,Head-On - Motorist,2008,B: Evident Injury,Commercial,Unknown,Unknown,Missing,26-30 mph,Unknown Injury,Unknown/Missing,Unknown,Unknown,No,Yes,Daylight,Urban (>70% Developed),4 lanes,2,Straight - Level,Local Street,Wet,"Two-Way, Not Divided",None,No Special Feature,Smooth Asphalt,Urban,20 - 25  MPH,"Double Yellow Line, No Passing Zone",Rain,No
"35.9110410921, -79.0661427454","{u'type': u'Point', u'coordinates': [-79.066142745353, 35.91104109212996]}",Yes,50-59,51,Facing Traffic,C: Possible Injury,Sidewalk / Crosswalk / Driveway Crossing,Black,Male,Chapel Hill,Orange,No,Friday,Motorist Failed to Yield - Sign-Controlled Intersection,Intersection,May,15:32,Motorist Drive Out - Sign-Controlled Intersection,2009,C: Possible Injury,Commercial,60-69,61,No,0-5 mph,O: No Injury,White,Female,Passenger Car,No,No,Daylight,Urban (>70% Developed),2 lanes,2,Straight - Level,Local Street,Dry,"Two-Way, Not Divided",None,T-Intersection,Smooth Asphalt,Urban,20 - 25  MPH,Stop Sign,Clear,No
"35.9099230922, -79.056212742","{u'type': u'Point', u'coordinates': [-79.05621274203419, 35.90992309219657]}",No,50-59,53,With Traffic,C: Possible Injury,Unknown,White,Male,Chapel Hill,Orange,No,Wednesday,Motorist Left Turn / Merge,Non-Intersection,September,8:04,Motorist Left Turn - Opposite Direction,2007,C: Possible Injury,Residential,30-39,34,No,6-10 mph,O: No Injury,White,Male,Passenger Car,No,No,Daylight,Urban (>70% Developed),2 lanes,2,Straight - Level,Local Street,Dry,"Two-Way, Not Divided",None,No Special Feature,Smooth Asphalt,Urban,20 - 25  MPH,No Control Present,Clear,No
"35.9304670971, -79.0549027427","{u'type': u'Point', u'coordinates': [-79.05490274271537, 35.93046709711043]}",Yes,20-24,23,Facing Traffic,C: Possible Injury,Sidewalk / Crosswalk / Driveway Crossing,White,Male,Chapel Hill,Orange,No,Friday,Motorist Failed to Yield - Sign-Controlled Intersection,Intersection,May,10:07,Motorist Drive Out - Sign-Controlled Intersection,2011,C: Possible Injury,Commercial,25-29,28,No,Unknown,O: No Injury,White,Female,Sport Utility,No,No,Daylight,Urban (>70% Developed),5 lanes,2,Straight - Grade,"Private Road, Driveway",Dry,"Two-Way, Not Divided",None,"Driveway, Public",Smooth Asphalt,Urban,5 - 15 MPH,Stop Sign,Clear,No
"35.9054200003, -79.0162999997","{u'type': u'Point', u'coordinates': [-79.016299999729, 35.90542000026161]}",No,60-69,64,Facing Traffic,C: Possible Injury,Sidewalk / Crosswalk / Driveway Crossing,Black,Male,Chapel Hill,Orange,No,Wednesday,Motorist Failed to Yield - Signalized Intersection,Intersection,March,10:28,Motorist Drive Out - Right Turn on Red,2013,C: Possible Injury,Residential,60-69,60,No,6-10 mph,O: No Injury,White,Female,Passenger Car,No,No,Daylight,Urban (>70% Developed),3 lanes,2,Straight - Level,Local Street,Dry,"Two-Way, Not Divided",None,No Special Feature,Smooth Asphalt,Urban,30 - 35  MPH,Stop And Go Signal,Cloudy,No
"35.9276870969, -79.0301727355","{u'type': u'Point', u'coordinates': [-79.03017273554254, 35.9276870969423]}",Yes,60-69,63,With Traffic,C: Possible Injury,Travel Lane,White,Male,Chapel Hill,Orange,No,Tuesday,Motorist Left Turn / Merge,Intersection,November,9:32,Motorist Left Turn - Opposite Direction,2010,C: Possible Injury,Commercial,50-59,58,No,Unknown,O: No Injury,White,Male,Passenger Car,No,No,Daylight,Urban (>70% Developed),5 lanes,2,Straight - Grade,State Secondary Route,Dry,"Two-Way, Not Divided",None,Four-Way Intersection,Smooth Asphalt,Urban,30 - 35  MPH,Stop And Go Signal,Clear,No
"35.9116930924, -79.0622527444","{u'type': u'Point', u'coordinates': [-79.06225274442507, 35.9116930924062]}",No,25-29,27,With Traffic,B: Evident Injury,Sidewalk / Crosswalk / Driveway Crossing,White,Female,Chapel Hill,Orange,No,Tuesday,Motorist Right Turn / Merge,Non-Intersection,May,20:34,Motorist Right Turn - Same Direction,2008,B: Evident Injury,Commercial,20-24,21,No,11-15 mph,O: No Injury,White,Female,Sport Utility,No,No,Dusk,Urban (>70% Developed),2 lanes,2,Straight - Hillcrest,Public Vehicular Area,Dry,"Two-Way, Not Divided",None,"Driveway, Private",Smooth Asphalt,Urban,5 - 15 MPH,Missing,Clear,No
"35.9146270937, -79.0518677406","{u'type': u'Point', u'coordinates': [-79.05186774062639, 35.914627093725144]}",Yes,20-24,20,With Traffic,B: Evident Injury,Bike Lane / Paved Shoulder,White,Male,Chapel Hill,Orange,No,Sunday,Bicyclist Overtaking Motorist,Non-Intersection,October,20:04,Bicyclist Overtaking - Parked Vehicle,2010,B: Evident Injury,Institutional,Unknown,Unknown,Missing,Unknown,Unknown Injury,Unknown/Missing,Unknown,Passenger Car,No,No,Dark - Lighted Roadway,Urban (>70% Developed),4 lanes,2,Straight - Level,Local Street,Dry,"Two-Way, Divided, Unprotected Median",None,No Special Feature,Smooth Asphalt,Urban,20 - 25  MPH,No Control Present,Clear,No
"35.9167570945, -79.0433377385","{u'type': u'Point', u'coordinates': [-79.04333773853139, 35.916757094547236]}",Yes,30-39,31,With Traffic,C: Possible Injury,Travel Lane,White,Male,Chapel Hill,Orange,No,Thursday,Motorist Right Turn / Merge,Non-Intersection,January,18:00,Motorist Right Turn - Same Direction,2010,C: Possible Injury,Residential,Unknown,Unknown,Missing,Unknown,Unknown Injury,Unknown/Missing,Unknown,Unknown,No,Yes,Dark - Lighted Roadway,Urban (>70% Developed),4 lanes,2,Straight - Grade,Local Street,Wet,"Two-Way, Not Divided",None,No Special Feature,Smooth Asphalt,Urban,30 - 35  MPH,No Control Present,Rain,No
"36.0064000002, -79.1724000003","{u'type': u'Point', u'coordinates': [-79.17240000034533, 36.006400000156354]}",No,60-69,61,With Traffic,B: Evident Injury,Travel Lane,White,Male,None - Rural Crash,Orange,No,Friday,Motorist Overtaking Bicyclist,Non-Intersection,September,16:55,Motorist Overtaking - Other / Unknown,2013,B: Evident Injury,"Farms, Woods, Pastures",40-49,43,No,51-55 mph,O: No Injury,White,Male,Sport Utility,No,No,Daylight,Rural (<30% Developed),2 lanes,2,Straight - Grade,State Secondary Route,Dry,"Two-Way, Not Divided",None,No Special Feature,Smooth Asphalt,Rural,50 - 55  MPH,"Double Yellow Line, No Passing Zone",Clear,No
"35.9474871004, -79.0587027449","{u'type': u'Point', u'coordinates': [-79.05870274488053, 35.947487100391086]}",No,16-19,17,With Traffic,C: Possible Injury,Sidewalk / Crosswalk / Driveway Crossing,Black,Male,Carrboro,Orange,No,Saturday,Motorist Failed to Yield - Midblock,Non-Intersection,August,13:17,Motorist Drive Out - Commercial Driveway / Alley,2011,C: Possible Injury,Commercial,Unknown,Unknown,No,0-5 mph,Unknown Injury,Unknown/Missing,Unknown,Unknown,No,Yes,Daylight,Urban (>70% Developed),4 lanes,2,Straight - Level,NC Route,Wet,"Two-Way, Divided, Unprotected Median",None,No Special Feature,Smooth Asphalt,Urban,30 - 35  MPH,"Double Yellow Line, No Passing Zone",Cloudy,No
"35.9697141049, -79.0750327509","{u'type': u'Point', u'coordinates': [-79.07503275091864, 35.96971410488404]}",Yes,50-59,54,With Traffic,B: Evident Injury,Travel Lane,White,Male,Chapel Hill,Orange,No,Wednesday,Motorist Overtaking Bicyclist,Intersection,September,5:44,Motorist Overtaking - Other / Unknown,2010,B: Evident Injury,Commercial,50-59,55,No,16-20 mph,O: No Injury,White,Male,Passenger Car,No,No,Dark - Roadway Not Lighted,Urban (>70% Developed),5 lanes,2,Straight - Hillcrest,Local Street,Dry,"Two-Way, Divided, Unprotected Median",None,T-Intersection,Coarse Asphalt,Urban,40 - 45  MPH,Stop And Go Signal,Clear,No
"35.9275370952, -79.0932187538","{u'type': u'Point', u'coordinates': [-79.09321875380844, 35.92753709521246]}",Yes,40-49,49,With Traffic,B: Evident Injury,Travel Lane,White,Female,Carrboro,Orange,No,Sunday,Motorist Overtaking Bicyclist,Intersection,September,7:40,Motorist Overtaking - Other / Unknown,2009,B: Evident Injury,Residential,60-69,60,No,31-35 mph,O: No Injury,Black,Male,Passenger Car,No,No,Daylight,Urban (>70% Developed),2 lanes,2,Straight - Level,Local Street,Dry,"Two-Way, Not Divided",None,T-Intersection,Smooth Asphalt,Urban,30 - 35  MPH,No Control Present,Clear,No
"35.9108000926, -79.0682027458","{u'type': u'Point', u'coordinates': [-79.06820274581186, 35.910800092584466]}",Yes,25-29,28,Facing Traffic,C: Possible Injury,Travel Lane,White,Male,Carrboro,Orange,No,Thursday,Bicyclist Left Turn / Merge,Non-Intersection,December,20:35,Bicyclist Left Turn - Opposite Direction,2008,C: Possible Injury,Commercial,20-24,23,No,16-20 mph,O: No Injury,White,Male,Passenger Car,No,No,Dark - Lighted Roadway,Urban (>70% Developed),4 lanes,2,Straight - Level,Local Street,Wet,"Two-Way, Not Divided",None,No Special Feature,Smooth Asphalt,Urban,20 - 25  MPH,No Control Present,Cloudy,No
"35.9382390969, -79.1048027585","{u'type': u'Point', u'coordinates': [-79.10480275846902, 35.9382390969262]}",Yes,20-24,21,With Traffic,C: Possible Injury,Travel Lane,White,Male,None - Rural Crash,Orange,No,Tuesday,Motorist Overtaking Bicyclist,Non-Intersection,January,8:41,Motorist Overtaking - Misjudged Space,2007,C: Possible Injury,"Farms, Woods, Pastures",Unknown,Unknown,Missing,16-20 mph,Unknown Injury,Unknown/Missing,Unknown,Unknown,No,Yes,Daylight,Rural (<30% Developed),2 lanes,2,Straight - Level,State Secondary Route,Dry,"Two-Way, Not Divided",None,No Special Feature,Smooth Asphalt,Rural,40 - 45  MPH,No Control Present,Clear,No
"35.9376070989, -79.0565827433","{u'type': u'Point', u'coordinates': [-79.05658274329302, 35.937607098861896]}",Yes,60-69,65,With Traffic,A: Disabling Injury,Travel Lane,White,Male,Chapel Hill,Orange,No,Thursday,Bicyclist Left Turn / Merge,Non-Intersection,March,17:25,Bicyclist Left Turn - Same Direction,2008,A: Disabling Injury,Residential,60-69,65,No,31-35 mph,O: No Injury,White,Female,Passenger Car,No,No,Daylight,Urban (>70% Developed),5 lanes,2,Straight - Level,Local Street,Dry,"Two-Way, Not Divided",None,No Special Feature,Smooth Asphalt,Urban,30 - 35  MPH,No Control Present,Clear,No
"35.9090970918, -79.0778687486","{u'type': u'Point', u'coordinates': [-79.07786874862747, 35.90909709177174]}",No,30-39,36,With Traffic,B: Evident Injury,Unknown,White,Male,Carrboro,Orange,No,Tuesday,Motorist Overtaking Bicyclist,Intersection,April,17:37,Motorist Overtaking - Bicyclist Swerved,2008,B: Evident Injury,Residential,50-59,50,No,31-35 mph,O: No Injury,White,Female,Passenger Car,No,No,Daylight,Urban (>70% Developed),2 lanes,2,Straight - Level,Local Street,Dry,"Two-Way, Not Divided",None,T-Intersection,Smooth Asphalt,Urban,30 - 35  MPH,No Control Present,Clear,No
"35.9152570935, -79.0568027425","{u'type': u'Point', u'coordinates': [-79.05680274245861, 35.9152570935416]}",Yes,30-39,38,With Traffic,B: Evident Injury,Travel Lane,White,Male,Chapel Hill,Orange,No,Thursday,Loss of Control / Turning Error,Intersection,October,17:39,Bicyclist Lost Control - Other / Unknown,2011,B: Evident Injury,Commercial,70+,70+,No,0-5 mph,O: No Injury,White,Male,Passenger Car,No,No,Daylight,Urban (>70% Developed),5 lanes,2,Curve - Hillcrest,Local Street,Dry,"Two-Way, Divided, Unprotected Median",None,Other,Smooth Asphalt,Urban,20 - 25  MPH,Stop Sign,Clear,No
"35.9050570902, -79.0883027513","{u'type': u'Point', u'coordinates': [-79.08830275129662, 35.90505709021945]}",Yes,20-24,24,With Traffic,B: Evident Injury,Travel Lane,White,Female,Carrboro,Orange,No,Monday,Parallel Paths - Other Circumstances,Non-Intersection,December,17:13,Motorist Turn / Merge - Other / Unknown,2012,B: Evident Injury,Commercial,Unknown,Unknown,Missing,6-10 mph,Unknown Injury,Unknown/Missing,Unknown,Unknown,No,Yes,Dusk,Urban (>70% Developed),4 lanes,2,Straight - Bottom,Local Street,Dry,"Two-Way, Divided, Positive Median Barrier",None,Four-Way Intersection,Smooth Asphalt,Urban,30 - 35  MPH,Stop And Go Signal,Clear,No
"35.9050570922, -79.0480067394","{u'type': u'Point', u'coordinates': [-79.04800673937484, 35.9050570921856]}",Yes,20-24,21,Unknown,B: Evident Injury,Multi-use Path,White,Male,Chapel Hill,Orange,No,Tuesday,Non-Roadway,Non-Roadway,December,18:48,Non-Roadway,2007,B: Evident Injury,Institutional,30-39,38,No,6-10 mph,O: No Injury,Asian,Male,Passenger Car,No,No,Dark - Lighted Roadway,Urban (>70% Developed),1 lane,2,Straight - Grade,Public Vehicular Area,Dry,"One-Way, Not Divided",None,No Special Feature,Coarse Asphalt,Urban,5 - 15 MPH,No Control Present,Clear,No
"36.0100571162, -78.9900427273","{u'type': u'Point', u'coordinates': [-78.9900427273312, 36.010057116237476]}",No,30-39,37,With Traffic,B: Evident Injury,Travel Lane,White,Male,None - Rural Crash,Durham,No,Friday,Motorist Failed to Yield - Sign-Controlled Intersection,Intersection,August,18:00,Motorist Drive Out - Sign-Controlled Intersection,2010,B: Evident Injury,"Farms, Woods, Pastures",70+,70+,No,0-5 mph,O: No Injury,White,Male,Sport Utility,No,No,Daylight,Rural (<30% Developed),2 lanes,2,Curve - Grade,State Secondary Route,Dry,"Two-Way, Not Divided",None,Four-Way Intersection,Coarse Asphalt,Rural,40 - 45  MPH,Stop Sign,Clear,No
"35.8802220881, -78.9966427226","{u'type': u'Point', u'coordinates': [-78.99664272258178, 35.88022208806041]}",Yes,50-59,53,With Traffic,B: Evident Injury,Travel Lane,White,Male,None - Rural Crash,Durham,No,Wednesday,Other / Unusual Circumstances,Non-Intersection,August,17:41,Motorist Intentionally Caused,2009,B: Evident Injury,Residential,20-24,22,No,41-45 mph,O: No Injury,Black,Male,Passenger Car,No,Yes,Daylight,Mixed (30% To 70% Developed),2 lanes,2,Straight - Level,State Secondary Route,Dry,"Two-Way, Not Divided",None,No Special Feature,Smooth Asphalt,Rural,40 - 45  MPH,"Double Yellow Line, No Passing Zone",Clear,No
"35.935097099, -79.0294127358","{u'type': u'Point', u'coordinates': [-79.02941273579928, 35.935097099032454]}",Yes,15-Nov,12,With Traffic,C: Possible Injury,Sidewalk / Crosswalk / Driveway Crossing,Black,Male,Chapel Hill,Orange,No,Wednesday,Bicyclist Failed to Yield - Signalized Intersection,Intersection,September,17:16,Bicyclist Failed to Clear - Trapped,2008,C: Possible Injury,Commercial,20-24,22,No,0-5 mph,O: No Injury,White,Female,Passenger Car,No,No,Daylight,Urban (>70% Developed),4 lanes,2,Straight - Level,Local Street,Dry,"Two-Way, Divided, Unprotected Median",None,Four-Way Intersection,Smooth Asphalt,Urban,30 - 35  MPH,Stop And Go Signal,Clear,No
"35.9087600002, -79.0928","{u'type': u'Point', u'coordinates': [-79.09280000000977, 35.908760000185445]}",Yes,25-29,27,With Traffic,B: Evident Injury,Bike Lane / Paved Shoulder,White,Female,Carrboro,Orange,No,Thursday,Motorist Overtaking Bicyclist,Non-Intersection,August,22:06,Motorist Overtaking - Other / Unknown,2013,B: Evident Injury,Residential,Unknown,Unknown,Missing,31-35 mph,Unknown Injury,Unknown/Missing,Unknown,Unknown,No,Yes,Dark - Lighted Roadway,Mixed (30% To 70% Developed),2 lanes,2,Straight - Level,Local Street,Dry,"Two-Way, Not Divided",None,No Special Feature,Smooth Asphalt,Urban,30 - 35  MPH,No Control Present,Clear,No
"35.8985020883, -79.1079227576","{u'type': u'Point', u'coordinates': [-79.10792275758902, 35.898502088327156]}",Yes,30-39,33,With Traffic,C: Possible Injury,Travel Lane,White,Female,None - Rural Crash,Orange,No,Thursday,Motorist Overtaking Bicyclist,Non-Intersection,September,13:43,Motorist Overtaking - Other / Unknown,2008,C: Possible Injury,"Farms, Woods, Pastures",50-59,53,No,41-45 mph,O: No Injury,White,Male,Pickup,No,No,Daylight,Rural (<30% Developed),2 lanes,2,Curve - Grade,State Secondary Route,Dry,"Two-Way, Not Divided",None,No Special Feature,Smooth Asphalt,Rural,40 - 45  MPH,"Double Yellow Line, No Passing Zone",Clear,No
"35.9106740925, -79.0542627417","{u'type': u'Point', u'coordinates': [-79.05426274165018, 35.91067409248638]}",Yes,20-24,21,With Traffic,B: Evident Injury,Travel Lane,White,Female,Chapel Hill,Orange,Yes,Thursday,Motorist Failed to Yield - Signalized Intersection,Intersection,August,16:15,Motorist Drive Through - Signalized Intersection,2009,B: Evident Injury,Institutional,20-24,22,Yes,11-15 mph,O: No Injury,White,Male,Passenger Car,No,No,Daylight,Urban (>70% Developed),Unknown,2,Straight - Grade,Local Street,Dry,"One-Way, Not Divided",None,No Special Feature,Coarse Asphalt,Urban,20 - 25  MPH,Stop And Go Signal,Clear,No
"35.9118870925, -79.0587027427","{u'type': u'Point', u'coordinates': [-79.05870274274987, 35.911887092475624]}",No,16-19,16,Facing Traffic,C: Possible Injury,Sidewalk / Crosswalk / Driveway Crossing,Black,Male,Chapel Hill,Orange,No,Tuesday,Motorist Failed to Yield - Midblock,Non-Intersection,July,15:00,Motorist Drive Out - Commercial Driveway / Alley,2011,C: Possible Injury,Commercial,0-19,19,No,0-5 mph,O: No Injury,White,Female,Passenger Car,No,No,Daylight,Urban (>70% Developed),Unknown,2,Straight - Level,Public Vehicular Area,Dry,"Two-Way, Not Divided",None,"Driveway, Private",Smooth Asphalt,Urban,5 - 15 MPH,No Control Present,Clear,No
"35.9470470974, -79.1304027669","{u'type': u'Point', u'coordinates': [-79.13040276686904, 35.947047097397665]}",Yes,20-24,23,With Traffic,A: Disabling Injury,Travel Lane,White,Female,None - Rural Crash,Orange,No,Thursday,Motorist Right Turn / Merge,Intersection,April,17:26,Motorist Right Turn - Same Direction,2011,A: Disabling Injury,"Farms, Woods, Pastures",25-29,25,No,41-45 mph,O: No Injury,Black,Female,Passenger Car,No,No,Daylight,Rural (<30% Developed),2 lanes,2,Straight - Grade,State Secondary Route,Dry,"Two-Way, Not Divided",None,T-Intersection,Smooth Asphalt,Rural,50 - 55  MPH,"Double Yellow Line, No Passing Zone",Clear,No
"35.9088670919, -79.0593327425","{u'type': u'Point', u'coordinates': [-79.05933274254652, 35.908867091884694]}",No,16-19,19,With Traffic,B: Evident Injury,Travel Lane,White,Female,Chapel Hill,Orange,No,Saturday,Motorist Right Turn / Merge,Intersection,September,21:24,Motorist Right Turn - Same Direction,2010,B: Evident Injury,Residential,Unknown,Unknown,Missing,Unknown,Unknown Injury,Unknown/Missing,Unknown,Passenger Car,No,Yes,Dark - Lighted Roadway,Urban (>70% Developed),4 lanes,2,Straight - Level,Local Street,Dry,"Two-Way, Not Divided",None,T-Intersection,Smooth Asphalt,Urban,Unknown,No Control Present,Clear,No
"35.9141340939, -79.045082739","{u'type': u'Point', u'coordinates': [-79.04508273895367, 35.914134093872065]}",Yes,25-29,27,With Traffic,C: Possible Injury,Travel Lane,White,Male,Chapel Hill,Orange,No,Saturday,Bicyclist Overtaking Motorist,Intersection-Related,February,12:07,Bicyclist Overtaking - Passing on Right,2009,C: Possible Injury,Institutional,20-24,22,No,0-5 mph,O: No Injury,White,Female,Passenger Car,No,No,Daylight,Urban (>70% Developed),2 lanes,2,Curve - Grade,Local Street,Dry,"Two-Way, Divided, Unprotected Median",None,No Special Feature,Smooth Asphalt,Urban,20 - 25  MPH,"Double Yellow Line, No Passing Zone",Clear,No
"35.8566620804, -79.0867127488","{u'type': u'Point', u'coordinates': [-79.08671274882869, 35.85666208044171]}",Yes,10-Jun,10,Not Applicable,B: Evident Injury,Driveway / Alley,White,Male,None - Rural Crash,Chatham,No,Tuesday,Bicyclist Failed to Yield - Midblock,Non-Intersection,April,17:18,Bicyclist Ride Out - Residential Driveway,2007,B: Evident Injury,"Farms, Woods, Pastures",25-29,26,No,11-15 mph,O: No Injury,White,Male,Passenger Car,No,No,Daylight,Rural (<30% Developed),2 lanes,2,Straight - Level,State Secondary Route,Dry,"Two-Way, Not Divided",None,"Driveway, Private",Coarse Asphalt,Rural,30 - 35  MPH,No Control Present,Clear,No
"35.9464471017, -79.0089027296","{u'type': u'Point', u'coordinates': [-79.00890272957379, 35.94644710174162]}",No,25-29,26,With Traffic,C: Possible Injury,Travel Lane,White,Male,Chapel Hill,Orange,No,Sunday,Motorist Overtaking Bicyclist,Non-Intersection,April,3:20,Motorist Overtaking - Undetected Bicyclist,2008,C: Possible Injury,Commercial,30-39,34,No,36-40 mph,O: No Injury,White,Male,Passenger Car,No,No,Dark - Roadway Not Lighted,Urban (>70% Developed),4 lanes,2,Straight - Level,US Route,Wet,"Two-Way, Divided, Unprotected Median",None,No Special Feature,Coarse Asphalt,Urban,40 - 45  MPH,No Control Present,Rain,No
"35.9244270945, -79.0986587557","{u'type': u'Point', u'coordinates': [-79.09865875569659, 35.92442709451901]}",No,30-39,35,Not Applicable,C: Possible Injury,Travel Lane,Hispanic,Male,None - Rural Crash,Orange,No,Friday,Non-Roadway,Non-Roadway,August,18:06,Non-Roadway,2009,C: Possible Injury,Residential,Unknown,Unknown,Missing,11-15 mph,Unknown Injury,Unknown/Missing,Unknown,Pickup,No,No,Dusk,Mixed (30% To 70% Developed),2 lanes,3,Straight - Level,"Private Road, Driveway",Dry,"Two-Way, Not Divided",None,"Driveway, Private",Gravel,Rural,5 - 15 MPH,No Control Present,Cloudy,No
"35.9419799996, -79.0907000003","{u'type': u'Point', u'coordinates': [-79.09070000033552, 35.94197999959656]}",No,30-39,32,With Traffic,O: No Injury,Travel Lane,Black,Male,Carrboro,Orange,No,Wednesday,Bicyclist Overtaking Motorist,Non-Intersection,August,18:04,Bicyclist Overtaking - Parked Vehicle,2013,O: No Injury,Residential,Unknown,Unknown,Missing,Unknown,Unknown Injury,Unknown/Missing,Unknown,Passenger Car,No,No,Daylight,Urban (>70% Developed),2 lanes,2,Straight - Level,Local Street,Dry,"Two-Way, Not Divided",None,No Special Feature,Smooth Asphalt,Urban,20 - 25  MPH,No Control Present,Clear,No
"35.9098670932, -79.04728274","{u'type': u'Point', u'coordinates': [-79.0472827399995, 35.90986709315614]}",Yes,30-39,39,With Traffic,B: Evident Injury,Travel Lane,Native American,Male,Chapel Hill,Orange,No,Wednesday,Parking / Bus-Related,Non-Intersection,October,7:56,Motorist Drive In / Out - Parking,2008,B: Evident Injury,Institutional,30-39,36,No,0-5 mph,O: No Injury,White,Male,Sport Utility,No,No,Daylight,Mixed (30% To 70% Developed),2 lanes,2,Straight - Level,Local Street,Dry,"Two-Way, Not Divided",None,No Special Feature,Smooth Asphalt,Urban,20 - 25  MPH,Missing,Clear,No
"35.9037570912, -79.0527027412","{u'type': u'Point', u'coordinates': [-79.05270274116236, 35.90375709115476]}",No,60-69,60,With Traffic,O: No Injury,Travel Lane,White,Male,Chapel Hill,Orange,No,Wednesday,Bicyclist Overtaking Motorist,Intersection,September,11:00,Bicyclist Overtaking - Passing on Left,2011,O: No Injury,Institutional,50-59,59,No,11-15 mph,Unknown Injury,Black,Female,Other Bus,No,No,Daylight,Mixed (30% To 70% Developed),2 lanes,2,Straight - Level,Local Street,Dry,"Two-Way, Not Divided",None,No Special Feature,Smooth Asphalt,Urban,20 - 25  MPH,Stop And Go Signal,Clear,No
"35.9956599996, -79.0543999995","{u'type': u'Point', u'coordinates': [-79.0543999995159, 35.995659999634974]}",No,50-59,58,With Traffic,B: Evident Injury,Travel Lane,White,Male,None - Rural Crash,Orange,No,Sunday,Motorist Overtaking Bicyclist,Non-Intersection,February,13:00,Motorist Overtaking - Other / Unknown,2013,B: Evident Injury,"Farms, Woods, Pastures",70+,70+,No,41-45 mph,O: No Injury,White,Female,Van,No,No,Daylight,Rural (<30% Developed),2 lanes,2,Straight - Level,State Secondary Route,Dry,"Two-Way, Not Divided",None,No Special Feature,Smooth Asphalt,Rural,40 - 45  MPH,"Double Yellow Line, No Passing Zone",Clear,No
"35.9034990904, -79.072432747","{u'type': u'Point', u'coordinates': [-79.07243274700298, 35.90349909035316]}",No,20-24,23,With Traffic,C: Possible Injury,Travel Lane,White,Male,Carrboro,Orange,No,Saturday,Motorist Overtaking Bicyclist,Non-Intersection,September,11:35,Motorist Overtaking - Misjudged Space,2010,C: Possible Injury,Residential,Unknown,Unknown,No,21-25 mph,Unknown Injury,Unknown/Missing,Unknown,Unknown,No,Yes,Daylight,Urban (>70% Developed),2 lanes,2,Straight - Hillcrest,Local Street,Dry,"Two-Way, Not Divided",None,No Special Feature,Coarse Asphalt,Urban,20 - 25  MPH,No Control Present,Clear,No
"35.9721371015, -79.1631877776","{u'type': u'Point', u'coordinates': [-79.16318777760668, 35.9721371015332]}",Yes,20-24,22,With Traffic,C: Possible Injury,Travel Lane,White,Male,None - Rural Crash,Orange,No,Thursday,Motorist Overtaking Bicyclist,Intersection,April,16:38,Motorist Overtaking - Other / Unknown,2010,C: Possible Injury,"Farms, Woods, Pastures",Unknown,Unknown,No,41-45 mph,Unknown Injury,Unknown/Missing,Unknown,Unknown,No,Yes,Daylight,Rural (<30% Developed),2 lanes,2,Straight - Level,State Secondary Route,Dry,"Two-Way, Divided, Unprotected Median",None,Four-Way Intersection,Smooth Asphalt,Rural,40 - 45  MPH,"Double Yellow Line, No Passing Zone",Clear,No