Geo Point,Geo Shape,Ambulance,Biker Age Group,Biker Age,Bike Direction,Biker Injury,Bike Position,Biker Race,Biker Sex,City,County,crashalcoh,Day,Cause of Incident,Location of Crash,Month,Time (Military Time),Crash Type,Year,crsh_sevri,Development,drvrage_gr,Driver Age,drvr_alc_d,drvr_estep,Driver Injury,Driver Race,Driver Sex,Driver Vehicle Type,Excessive Speeding,Hit and Run,Lighting Conditions,Locality,Number of Lanes,Number of Units,Road Characteristics,Road Class,rd_conditi,Road Configuration,Road Defects,Road Feature,Road Surface,Rural/Urban,Speed Limit,Traffic Control,Weather,Workzone
"35.9137699999, -79.0500000003","{u'type': u'Point', u'coordinates': [-79.05000000032517, 35.91376999992327]}",No,16-19,18,Not Applicable,C: Possible Injury,Sidewalk / Crosswalk / Driveway Crossing,White,Male,Chapel Hill,Orange,No,Tuesday,Non-Roadway,Non-Roadway,September,16:29,Non-Roadway,2013,C: Possible Injury,Institutional,40-49,43,No,0-5 mph,C: Possible Injury,White,Male,Pickup,No,No,Daylight,Urban (>70% Developed),1 lane,2,Straight - Level,Public Vehicular Area,Dry,"Two-Way, Not Divided",None,"Driveway, Public",Other,Urban,5 - 15 MPH,No Control Present,Clear,No
"35.9638571047, -79.0476027423","{u'type': u'Point', u'coordinates': [-79.04760274234484, 35.96385710469284]}",Yes,25-29,25,With Traffic,C: Possible Injury,Travel Lane,Black,Male,None - Rural Crash,Orange,Yes,Friday,Bicyclist Failed to Yield - Sign-Controlled Intersection,Intersection,September,2:47,Bicyclist Ride Through - Sign-Controlled Intersection,2012,C: Possible Injury,Residential,40-49,49,No,31-35 mph,O: No Injury,Black,Male,Van,No,No,Dark - Lighted Roadway,Urban (>70% Developed),2 lanes,2,Straight - Level,Local Street,Dry,"Two-Way, Not Divided",None,No Special Feature,Smooth Asphalt,Rural,30 - 35  MPH,Stop Sign,Clear,No
"35.9615271061, -78.9769027214","{u'type': u'Point', u'coordinates': [-78.97690272141507, 35.96152710610346]}",Yes,25-29,27,With Traffic,B: Evident Injury,Bike Lane / Paved Shoulder,White,Male,Durham,Durham,No,Tuesday,Motorist Overtaking Bicyclist,Non-Intersection,February,18:30,Motorist Overtaking - Other / Unknown,2011,B: Evident Injury,Commercial,Unknown,Unknown,Missing,41-45 mph,Unknown Injury,Unknown/Missing,Unknown,Sport Utility,No,Yes,Daylight,Urban (>70% Developed),Unknown,2,Straight - Level,Local Street,Dry,"Two-Way, Divided, Unprotected Median",None,No Special Feature,Smooth Asphalt,Urban,40 - 45  MPH,No Control Present,Clear,No
"35.9073940943, -78.9819667192","{u'type': u'Point', u'coordinates': [-78.98196671916098, 35.907394094330655]}",No,15-Nov,11,Not Applicable,B: Evident Injury,Travel Lane,Black,Female,Durham,Durham,No,Friday,Non-Roadway,Non-Roadway,October,16:47,Non-Roadway,2010,B: Evident Injury,Residential,20-24,24,No,11-15 mph,O: No Injury,White,Female,Passenger Car,No,No,Daylight,Urban (>70% Developed),Unknown,2,Straight - Level,Public Vehicular Area,Dry,"Two-Way, Not Divided",None,No Special Feature,Smooth Asphalt,Urban,5 - 15 MPH,No Control Present,Clear,No
"35.9813171095, -78.9980027285","{u'type': u'Point', u'coordinates': [-78.99800272853315, 35.98131710946684]}",Yes,30-39,34,With Traffic,B: Evident Injury,Travel Lane,Other,Male,None - Rural Crash,Orange,No,Monday,Motorist Right Turn / Merge,Intersection,March,19:34,Motorist Right Turn - Same Direction,2012,B: Evident Injury,Residential,40-49,41,No,31-35 mph,O: No Injury,Black,Female,Passenger Car,No,No,Daylight,Mixed (30% To 70% Developed),2 lanes,2,Straight - Grade,State Secondary Route,Dry,"Two-Way, Not Divided",None,T-Intersection,Smooth Asphalt,Rural,40 - 45  MPH,Stop Sign,Clear,No
"35.9302300002, -79.0243000001","{u'type': u'Point', u'coordinates': [-79.02430000007742, 35.93023000018545]}",No,70+,0,With Traffic,O: No Injury,Sidewalk / Crosswalk / Driveway Crossing,White,Male,Chapel Hill,Orange,No,Tuesday,Motorist Left Turn / Merge,Intersection,April,16:15,Motorist Left Turn - Same Direction,2013,O: No Injury,Commercial,70+,70+,No,6-10 mph,O: No Injury,White,Female,Passenger Car,No,No,Daylight,Urban (>70% Developed),4 lanes,2,Straight - Level,US Route,Dry,"Two-Way, Divided, Unprotected Median",None,Four-Way Intersection,Smooth Asphalt,Urban,40 - 45  MPH,Stop And Go Signal,Clear,No
"35.9119940927, -79.0589527435","{u'type': u'Point', u'coordinates': [-79.05895274351566, 35.9119940926545]}",No,50-59,53,With Traffic,C: Possible Injury,Travel Lane,White,Male,Chapel Hill,Orange,No,Wednesday,Bicyclist Overtaking Motorist,Non-Intersection,September,17:39,Bicyclist Overtaking - Extended Door,2010,C: Possible Injury,Commercial,40-49,42,No,Unknown,O: No Injury,White,Female,Passenger Car,No,No,Daylight,Urban (>70% Developed),4 lanes,2,Straight - Level,Local Street,Dry,"Two-Way, Not Divided",None,No Special Feature,Smooth Asphalt,Urban,20 - 25  MPH,"Double Yellow Line, No Passing Zone",Cloudy,No
"35.903717092, -79.0464027384","{u'type': u'Point', u'coordinates': [-79.04640273836073, 35.903717091954775]}",Yes,16-19,18,With Traffic,B: Evident Injury,Travel Lane,White,Male,Chapel Hill,Orange,No,Sunday,Motorist Left Turn / Merge,Intersection,January,16:41,Motorist Left Turn - Opposite Direction,2012,B: Evident Injury,Institutional,40-49,45,No,6-10 mph,O: No Injury,White,Male,Passenger Car,No,No,Daylight,Urban (>70% Developed),4 lanes,2,Straight - Level,Local Street,Dry,"Two-Way, Not Divided",None,Four-Way Intersection,Coarse Asphalt,Urban,30 - 35  MPH,Stop And Go Signal,Clear,No
"35.9100670923, -79.0745027481","{u'type': u'Point', u'coordinates': [-79.07450274812246, 35.910067092258274]}",Yes,70+,70+,With Traffic,K: Killed,Travel Lane,White,Male,Carrboro,Orange,No,Saturday,Motorist Overtaking Bicyclist,Non-Intersection,July,10:12,Motorist Overtaking - Bicyclist Swerved,2011,K: Killed,Commercial,70+,70+,No,11-15 mph,O: No Injury,White,Male,Passenger Car,No,No,Daylight,Urban (>70% Developed),Unknown,2,Straight - Level,State Secondary Route,Dry,"Two-Way, Not Divided",None,No Special Feature,Smooth Asphalt,Urban,20 - 25  MPH,No Control Present,Clear,No
"36.0151171157, -79.0306027406","{u'type': u'Point', u'coordinates': [-79.03060274056551, 36.01511711572332]}",No,20-24,24,With Traffic,C: Possible Injury,Travel Lane,White,Male,None - Rural Crash,Orange,No,Tuesday,Motorist Left Turn / Merge,Non-Intersection,February,17:11,Motorist Left Turn - Opposite Direction,2012,C: Possible Injury,"Farms, Woods, Pastures",Unknown,Unknown,Missing,6-10 mph,Unknown Injury,Unknown/Missing,Unknown,Passenger Car,No,Yes,Daylight,Rural (<30% Developed),2 lanes,3,Straight - Level,State Secondary Route,Dry,"Two-Way, Not Divided",None,"Driveway, Private",Coarse Asphalt,Rural,40 - 45  MPH,"Double Yellow Line, No Passing Zone",Clear,No
"35.9889631116, -78.9887827261","{u'type': u'Point', u'coordinates': [-78.98878272606501, 35.988963111638434]}",Yes,25-29,26,With Traffic,B: Evident Injury,Travel Lane,Black,Male,Durham,Durham,No,Tuesday,Motorist Overtaking Bicyclist,Non-Intersection,February,19:15,Motorist Overtaking - Other / Unknown,2008,B: Evident Injury,Residential,Unknown,Unknown,Missing,41-45 mph,Unknown Injury,Unknown/Missing,Unknown,Unknown,No,Yes,Dark - Roadway Not Lighted,Mixed (30% To 70% Developed),2 lanes,2,Straight - Level,State Secondary Route,Dry,"Two-Way, Not Divided",None,No Special Feature,Smooth Asphalt,Urban,40 - 45  MPH,"Double Yellow Line, No Passing Zone",Clear,No
"35.9227900944, -79.0888327525","{u'type': u'Point', u'coordinates': [-79.08883275249661, 35.92279009440232]}",Yes,30-39,33,With Traffic,B: Evident Injury,Travel Lane,White,Female,Carrboro,Orange,No,Sunday,Motorist Left Turn / Merge,Intersection,December,12:09,Motorist Left Turn - Opposite Direction,2008,B: Evident Injury,Residential,70+,70+,No,16-20 mph,O: No Injury,White,Female,Passenger Car,No,No,Daylight,Urban (>70% Developed),2 lanes,2,Straight - Level,Local Street,Dry,"Two-Way, Not Divided",None,T-Intersection,Smooth Asphalt,Urban,30 - 35  MPH,Missing,Clear,No
"36.0100771166, -78.9900027276","{u'type': u'Point', u'coordinates': [-78.99000272756687, 36.01007711662527]}",Yes,40-49,41,With Traffic,B: Evident Injury,Travel Lane,White,Female,None - Rural Crash,Durham,No,Wednesday,Motorist Failed to Yield - Sign-Controlled Intersection,Intersection,September,8:40,Motorist Drive Out - Sign-Controlled Intersection,2011,B: Evident Injury,"Farms, Woods, Pastures",70+,70+,No,6-10 mph,O: No Injury,White,Male,Passenger Car,No,No,Daylight,Rural (<30% Developed),2 lanes,2,Straight - Grade,State Secondary Route,Dry,"Two-Way, Not Divided",None,Four-Way Intersection,Smooth Asphalt,Rural,40 - 45  MPH,Stop Sign,Clear,No
"35.9361370985, -79.0355427373","{u'type': u'Point', u'coordinates': [-79.03554273729897, 35.93613709846183]}",Yes,15-Nov,12,Facing Traffic,B: Evident Injury,Sidewalk / Crosswalk / Driveway Crossing,White,Male,Chapel Hill,Orange,No,Tuesday,Motorist Failed to Yield - Sign-Controlled Intersection,Intersection,March,15:24,Motorist Drive Out - Sign-Controlled Intersection,2008,B: Evident Injury,Residential,40-49,49,No,0-5 mph,O: No Injury,White,Male,Passenger Car,No,No,Daylight,Urban (>70% Developed),2 lanes,2,Straight - Bottom,Local Street,Dry,"Two-Way, Not Divided",None,T-Intersection,Smooth Asphalt,Urban,20 - 25  MPH,Stop Sign,Clear,No
"35.9159370933, -79.0644027448","{u'type': u'Point', u'coordinates': [-79.06440274480194, 35.915937093270955]}",No,Unknown,0,Facing Traffic,Unknown Injury,Travel Lane,Unknown/Missing,Unknown,Chapel Hill,Orange,No,Monday,Bicyclist Left Turn / Merge,Non-Intersection,April,18:27,Bicyclist Left Turn - Opposite Direction,2012,O: No Injury,Residential,25-29,27,No,31-35 mph,O: No Injury,White,Male,Passenger Car,No,No,Daylight,Urban (>70% Developed),1 lane,2,Curve - Grade,Local Street,Dry,"Two-Way, Not Divided",None,No Special Feature,Smooth Asphalt,Urban,30 - 35  MPH,No Control Present,Clear,No
"35.9219670942, -79.0718527471","{u'type': u'Point', u'coordinates': [-79.07185274709, 35.921967094157516]}",Yes,20-24,23,With Traffic,O: No Injury,Travel Lane,White,Female,Carrboro,Orange,No,Friday,Motorist Failed to Yield - Midblock,Non-Intersection,August,20:06,Motorist Drive Out - Commercial Driveway / Alley,2008,O: No Injury,Residential,50-59,57,No,6-10 mph,O: No Injury,White,Male,Passenger Car,No,No,Dusk,Urban (>70% Developed),2 lanes,2,Straight - Level,Local Street,Dry,"Two-Way, Not Divided",None,No Special Feature,Coarse Asphalt,Urban,30 - 35  MPH,Missing,Clear,No
"35.9374800989, -79.0503227415","{u'type': u'Point', u'coordinates': [-79.05032274147085, 35.9374800988954]}",Yes,10-Jun,10,With Traffic,B: Evident Injury,Travel Lane,Black,Male,Chapel Hill,Orange,No,Thursday,Bicyclist Failed to Yield - Sign-Controlled Intersection,Intersection,October,15:13,Bicyclist Ride Through - Sign-Controlled Intersection,2010,B: Evident Injury,Residential,20-24,21,No,16-20 mph,O: No Injury,White,Male,"Single Unit Truck (2-Axle, 6-Tire)",No,No,Daylight,Rural (<30% Developed),2 lanes,2,Straight - Level,Local Street,Dry,"Two-Way, Not Divided",None,Four-Way Intersection,Coarse Asphalt,Urban,20 - 25  MPH,Stop Sign,Clear,No
"36.0331300003, -78.9735000002","{u'type': u'Point', u'coordinates': [-78.9735000001834, 36.03313000032807]}",Yes,40-49,45,With Traffic,C: Possible Injury,Travel Lane,White,Male,Durham,Durham,No,Friday,Motorist Overtaking Bicyclist,Non-Intersection,November,20:49,Motorist Overtaking - Undetected Bicyclist,2013,C: Possible Injury,Commercial,25-29,26,No,31-35 mph,O: No Injury,Black,Female,Passenger Car,No,No,Dark - Roadway Not Lighted,Urban (>70% Developed),2 lanes,2,Straight - Level,Local Street,Dry,"Two-Way, Not Divided",None,No Special Feature,Coarse Asphalt,Urban,30 - 35  MPH,No Control Present,Cloudy,No
"35.9123220924, -79.0779427486","{u'type': u'Point', u'coordinates': [-79.07794274864487, 35.912322092417476]}",Yes,30-39,30,With Traffic,B: Evident Injury,Travel Lane,White,Male,Carrboro,Orange,Yes,Friday,Motorist Left Turn / Merge,Intersection,February,22:47,Motorist Left Turn - Opposite Direction,2008,B: Evident Injury,Residential,40-49,43,No,16-20 mph,O: No Injury,Asian,Male,Passenger Car,No,No,Dark - Lighted Roadway,Urban (>70% Developed),3 lanes,2,Straight - Level,Local Street,Dry,"Two-Way, Not Divided",None,T-Intersection,Coarse Asphalt,Urban,20 - 25  MPH,Stop Sign,Clear,No
"35.9271500975, -79.0274077347","{u'type': u'Point', u'coordinates': [-79.02740773469561, 35.92715009747198]}",Yes,20-24,21,Not Applicable,B: Evident Injury,Non-Roadway,White,Male,Chapel Hill,Orange,No,Saturday,Non-Roadway,Non-Roadway,June,22:54,Non-Roadway,2010,B: Evident Injury,Commercial,50-59,55,No,Unknown,Unknown Injury,White,Male,Passenger Car,No,No,Dark - Lighted Roadway,Urban (>70% Developed),Unknown,2,Straight - Level,Public Vehicular Area,Dry,"Two-Way, Not Divided",None,"Driveway, Public",Smooth Asphalt,Urban,20 - 25  MPH,Stop Sign,Clear,No
"35.9045470908, -79.0647027444","{u'type': u'Point', u'coordinates': [-79.06470274439813, 35.90454709079032]}",Yes,16-19,19,Facing Traffic,B: Evident Injury,Sidewalk / Crosswalk / Driveway Crossing,White,Female,Chapel Hill,Orange,No,Friday,Motorist Failed to Yield - Sign-Controlled Intersection,Intersection,April,13:55,Motorist Drive Out - Sign-Controlled Intersection,2012,B: Evident Injury,Residential,60-69,60,No,Unknown,O: No Injury,White,Male,Pickup,No,No,Daylight,Urban (>70% Developed),5 lanes,2,Straight - Grade,Local Street,Dry,"Two-Way, Not Divided",None,T-Intersection,Smooth Asphalt,Urban,20 - 25  MPH,Stop Sign,Clear,No
"35.9073770935, -79.0209027318","{u'type': u'Point', u'coordinates': [-79.02090273184757, 35.907377093467765]}",Yes,30-39,39,Facing Traffic,C: Possible Injury,Travel Lane,Asian,Female,Chapel Hill,Orange,No,Thursday,Motorist Failed to Yield - Sign-Controlled Intersection,Intersection,August,16:33,Motorist Drive Out - Sign-Controlled Intersection,2011,C: Possible Injury,Commercial,50-59,54,No,0-5 mph,O: No Injury,White,Male,Passenger Car,No,No,Daylight,Mixed (30% To 70% Developed),4 lanes,2,Curve - Level,Local Street,Dry,"Two-Way, Divided, Positive Median Barrier",None,T-Intersection,Smooth Asphalt,Urban,20 - 25  MPH,No Control Present,Clear,No
"35.9142830941, -79.0527067414","{u'type': u'Point', u'coordinates': [-79.05270674136669, 35.91428309405345]}",Yes,15-Nov,13,With Traffic,B: Evident Injury,Travel Lane,Black,Male,Chapel Hill,Orange,No,Saturday,Bicyclist Overtaking Motorist,Non-Intersection,May,15:13,Bicyclist Overtaking - Passing on Right,2009,B: Evident Injury,Commercial,40-49,44,No,Unknown,O: No Injury,White,Female,Sport Utility,No,No,Daylight,Urban (>70% Developed),4 lanes,2,Straight - Level,Local Street,Dry,"Two-Way, Not Divided",None,No Special Feature,Smooth Asphalt,Urban,20 - 25  MPH,Stop And Go Signal,Clear,No
"35.9047850933, -79.0119027289","{u'type': u'Point', u'coordinates': [-79.01190272891274, 35.90478509326122]}",Yes,70+,70+,Not Applicable,C: Possible Injury,Non-Roadway,White,Male,Chapel Hill,Orange,No,Tuesday,Non-Roadway,Non-Roadway,June,7:25,Non-Roadway,2009,C: Possible Injury,Commercial,25-29,25,No,0-5 mph,O: No Injury,White,Female,Passenger Car,No,No,Daylight,Urban (>70% Developed),Unknown,2,Straight - Level,Public Vehicular Area,Dry,"Two-Way, Not Divided",None,No Special Feature,Smooth Asphalt,Urban,Unknown,No Control Present,Clear,No
"35.9638401042, -79.0581327461","{u'type': u'Point', u'coordinates': [-79.05813274613807, 35.963840104205616]}",No,20-24,22,Facing Traffic,B: Evident Injury,Sidewalk / Crosswalk / Driveway Crossing,White,Male,Chapel Hill,Orange,No,Thursday,Motorist Failed to Yield - Signalized Intersection,Intersection,May,16:23,Motorist Drive Out - Signalized Intersection,2010,B: Evident Injury,Commercial,50-59,54,No,6-10 mph,O: No Injury,White,Female,Passenger Car,No,No,Daylight,Urban (>70% Developed),6 lanes,2,Straight - Level,NC Route,Dry,"Two-Way, Divided, Unprotected Median",None,Four-Way Intersection,Smooth Asphalt,Urban,30 - 35  MPH,Stop And Go Signal,Clear,No
"36.0327601212, -78.9815527261","{u'type': u'Point', u'coordinates': [-78.98155272614135, 36.0327601212143]}",Yes,15-Nov,13,With Traffic,B: Evident Injury,Travel Lane,White,Male,Durham,Durham,No,Friday,Loss of Control / Turning Error,Intersection,April,15:26,"Bicyclist Lost Control - Oversteering, Improper Braking, Speed",2008,B: Evident Injury,Commercial,0-19,16,No,6-10 mph,O: No Injury,White,Female,Sport Utility,No,No,Daylight,Urban (>70% Developed),8 lanes,2,Straight - Level,Local Street,Dry,"Two-Way, Not Divided",None,Four-Way Intersection,Smooth Asphalt,Urban,30 - 35  MPH,Stop And Go Signal,Clear,No
"35.9101470919, -79.073202747","{u'type': u'Point', u'coordinates': [-79.07320274701853, 35.910147091900804]}",No,25-29,29,With Traffic,C: Possible Injury,Bike Lane / Paved Shoulder,White,Female,Carrboro,Orange,No,Friday,Motorist Right Turn / Merge,Non-Intersection,September,17:58,Motorist Right Turn - Same Direction,2012,C: Possible Injury,Commercial,0-19,16,No,0-5 mph,O: No Injury,White,Male,Pickup,No,No,Daylight,Urban (>70% Developed),2 lanes,2,Straight - Level,Local Street,Dry,"Two-Way, Not Divided",None,No Special Feature,Coarse Asphalt,Urban,20 - 25  MPH,No Control Present,Clear,No
"35.9050070926, -79.01642273","{u'type': u'Point', u'coordinates': [-79.01642273003033, 35.90500709257154]}",Yes,30-39,30,Facing Traffic,B: Evident Injury,Sidewalk / Crosswalk / Driveway Crossing,Black,Female,Chapel Hill,Orange,No,Friday,Motorist Failed to Yield - Signalized Intersection,Intersection,April,18:33,Motorist Drive Out - Signalized Intersection,2010,B: Evident Injury,Residential,30-39,35,No,6-10 mph,O: No Injury,White,Male,Passenger Car,No,No,Daylight,Urban (>70% Developed),9 or more lanes,2,Straight - Grade,NC Route,Dry,"Two-Way, Divided, Unprotected Median",None,Four-Way Intersection,Smooth Asphalt,Urban,20 - 25  MPH,Stop And Go Signal,Clear,No
"35.9174070924, -79.0941027536","{u'type': u'Point', u'coordinates': [-79.09410275356177, 35.917407092378085]}",Yes,50-59,54,Unknown,A: Disabling Injury,Travel Lane,White,Male,Carrboro,Orange,No,Monday,Crossing Paths - Other Circumstances,Intersection-Related,April,7:58,Crossing Paths - Intersection - Other / Unknown,2011,A: Disabling Injury,Commercial,40-49,49,No,16-20 mph,O: No Injury,White,Female,Van,No,No,Daylight,Urban (>70% Developed),4 lanes,2,Curve - Level,NC Route,Dry,"Two-Way, Divided, Unprotected Median",None,Related To Intersection,Smooth Asphalt,Urban,40 - 45  MPH,Stop And Go Signal,Cloudy,No
"35.9112170925, -79.0605027439","{u'type': u'Point', u'coordinates': [-79.0605027439476, 35.911217092503136]}",Yes,25-29,28,With Traffic,B: Evident Injury,Travel Lane,White,Female,Chapel Hill,Orange,No,Tuesday,Motorist Left Turn / Merge,Intersection,September,22:51,Motorist Left Turn - Opposite Direction,2011,B: Evident Injury,Commercial,0-19,19,No,0-5 mph,O: No Injury,White,Male,Passenger Car,No,No,Dark - Lighted Roadway,Urban (>70% Developed),4 lanes,2,Straight - Level,Local Street,Dry,"Two-Way, Not Divided",None,No Special Feature,Smooth Asphalt,Urban,20 - 25  MPH,No Control Present,Clear,No
"35.9228770955, -79.055002742","{u'type': u'Point', u'coordinates': [-79.05500274200448, 35.92287709553583]}",Yes,30-39,35,With Traffic,C: Possible Injury,Bike Lane / Paved Shoulder,White,Male,Chapel Hill,Orange,Yes,Friday,Motorist Right Turn / Merge,Non-Intersection,May,16:03,Motorist Right Turn - Same Direction,2012,C: Possible Injury,Residential,20-24,22,Yes,16-20 mph,O: No Injury,White,Male,Unknown,No,Yes,Daylight,Urban (>70% Developed),4 lanes,2,Straight - Grade,NC Route,Dry,"Two-Way, Divided, Unprotected Median",None,No Special Feature,Smooth Asphalt,Urban,30 - 35  MPH,"Double Yellow Line, No Passing Zone",Cloudy,No
"35.9247870935, -79.1196027626","{u'type': u'Point', u'coordinates': [-79.11960276257408, 35.92478709351283]}",Yes,50-59,51,With Traffic,K: Killed,Travel Lane,Black,Male,None - Rural Crash,Orange,Yes,Sunday,Motorist Overtaking Bicyclist,Non-Intersection,June,0:42,Motorist Overtaking - Other / Unknown,2012,K: Killed,"Farms, Woods, Pastures",25-29,27,No,51-55 mph,O: No Injury,Black,Female,Passenger Car,No,No,Dark - Roadway Not Lighted,Rural (<30% Developed),2 lanes,2,Curve - Level,NC Route,Dry,"Two-Way, Not Divided",None,No Special Feature,Coarse Asphalt,Rural,50 - 55  MPH,"Double Yellow Line, No Passing Zone",Clear,No
"35.9174, -79.0612000005","{u'type': u'Point', u'coordinates': [-79.06120000048443, 35.91739999999003]}",Yes,20-24,20,With Traffic,B: Evident Injury,Travel Lane,White,Male,Chapel Hill,Orange,No,Thursday,Bicyclist Failed to Yield - Sign-Controlled Intersection,Intersection,January,10:45,Bicyclist Ride Through - Sign-Controlled Intersection,2013,B: Evident Injury,Residential,50-59,53,No,11-15 mph,O: No Injury,White,Female,Passenger Car,No,No,Daylight,Urban (>70% Developed),2 lanes,2,Straight - Grade,Local Street,Wet,"Two-Way, Not Divided",None,No Special Feature,Smooth Asphalt,Urban,20 - 25  MPH,Stop Sign,Cloudy,No
"35.9207670937, -79.0860027521","{u'type': u'Point', u'coordinates': [-79.08600275205306, 35.9207670937152]}",Yes,20-24,22,With Traffic,B: Evident Injury,Travel Lane,White,Female,Carrboro,Orange,No,Friday,Motorist Left Turn / Merge,Intersection,September,17:45,Motorist Left Turn - Opposite Direction,2012,B: Evident Injury,Residential,20-24,20,No,16-20 mph,O: No Injury,White,Male,Passenger Car,No,No,Daylight,Urban (>70% Developed),2 lanes,2,Straight - Level,Local Street,Dry,"Two-Way, Not Divided",None,Related To Intersection,Coarse Asphalt,Urban,30 - 35  MPH,No Control Present,Clear,No
"35.916887094, -79.0459027398","{u'type': u'Point', u'coordinates': [-79.04590273975347, 35.91688709404356]}",Yes,20-24,24,With Traffic,B: Evident Injury,Travel Lane,White,Female,Chapel Hill,Orange,No,Monday,Motorist Left Turn / Merge,Intersection,October,16:39,Motorist Left Turn - Opposite Direction,2012,B: Evident Injury,Residential,70+,70+,No,6-10 mph,O: No Injury,White,Female,Passenger Car,No,No,Daylight,Urban (>70% Developed),4 lanes,2,Straight - Grade,Local Street,Dry,"Two-Way, Not Divided",None,Four-Way Intersection,Smooth Asphalt,Urban,30 - 35  MPH,Stop And Go Signal,Clear,No
"35.908867092, -79.0593027431","{u'type': u'Point', u'coordinates': [-79.05930274311167, 35.90886709204745]}",No,20-24,21,With Traffic,B: Evident Injury,Travel Lane,White,Female,Chapel Hill,Orange,No,Friday,Motorist Right Turn / Merge,Intersection,August,12:23,Motorist Right Turn - Same Direction,2011,B: Evident Injury,Residential,50-59,52,No,16-20 mph,O: No Injury,White,Female,Pickup,No,No,Daylight,Urban (>70% Developed),3 lanes,2,Straight - Level,Local Street,Dry,"Two-Way, Not Divided",None,T-Intersection,Smooth Asphalt,Urban,20 - 25  MPH,No Control Present,Clear,No
"35.9037740898, -79.0911627523","{u'type': u'Point', u'coordinates': [-79.0911627523238, 35.90377408980926]}",Yes,16-19,19,Facing Traffic,B: Evident Injury,Travel Lane,White,Male,Carrboro,Orange,No,Monday,Bicyclist Right Turn / Merge,Intersection,October,15:46,Bicyclist Right Turn - Same Direction,2008,B: Evident Injury,Residential,60-69,64,No,21-25 mph,O: No Injury,White,Female,Passenger Car,No,No,Daylight,Urban (>70% Developed),3 lanes,2,Straight - Grade,Local Street,Dry,"Two-Way, Not Divided",None,Four-Way Intersection,Smooth Asphalt,Urban,30 - 35  MPH,Stop And Go Signal,Clear,No
"35.9470500002, -79.1303000005","{u'type': u'Point', u'coordinates': [-79.13030000048097, 35.9470500002272]}",Yes,50-59,56,With Traffic,B: Evident Injury,Travel Lane,White,Male,None - Rural Crash,Orange,No,Saturday,Motorist Left Turn / Merge,Intersection,April,16:42,Motorist Left Turn - Opposite Direction,2013,B: Evident Injury,"Farms, Woods, Pastures",70+,70+,No,41-45 mph,O: No Injury,Black,Male,Passenger Car,No,No,Daylight,Rural (<30% Developed),2 lanes,2,Straight - Level,State Secondary Route,Dry,"Two-Way, Not Divided",None,T-Intersection,Smooth Asphalt,Rural,40 - 45  MPH,"Double Yellow Line, No Passing Zone",Clear,No
"35.9066920909, -79.0836667501","{u'type': u'Point', u'coordinates': [-79.08366675012236, 35.906692090910965]}",Yes,40-49,41,Not Applicable,C: Possible Injury,Unknown,White,Male,Carrboro,Orange,Yes,Thursday,Bicyclist Failed to Yield - Midblock,Non-Intersection,October,15:08,Bicyclist Ride Out - Midblock - Unknown,2009,C: Possible Injury,Residential,30-39,37,No,31-35 mph,O: No Injury,Other,Male,Passenger Car,No,No,Daylight,Urban (>70% Developed),5 lanes,2,Straight - Hillcrest,Local Street,Dry,"Two-Way, Not Divided",None,No Special Feature,Coarse Asphalt,Urban,30 - 35  MPH,No Control Present,Clear,No
"35.9118110932, -79.0620377441","{u'type': u'Point', u'coordinates': [-79.0620377440722, 35.911811093180816]}",Yes,20-24,21,Facing Traffic,B: Evident Injury,Travel Lane,White,Male,Chapel Hill,Orange,No,Thursday,Motorist Failed to Yield - Midblock,Non-Intersection,October,23:50,Motorist Drive Out - Commercial Driveway / Alley,2010,B: Evident Injury,Commercial,20-24,23,No,0-5 mph,O: No Injury,White,Male,Passenger Car,No,No,Dark - Lighted Roadway,Urban (>70% Developed),4 lanes,2,Straight - Grade,Local Street,Dry,"Two-Way, Not Divided",None,No Special Feature,Smooth Asphalt,Urban,20 - 25  MPH,No Control Present,Clear,No
"35.9093130923, -79.0581827432","{u'type': u'Point', u'coordinates': [-79.05818274320009, 35.90931309234802]}",No,30-39,32,Facing Traffic,B: Evident Injury,Bike Lane / Paved Shoulder,Hispanic,Male,Chapel Hill,Orange,No,Tuesday,Motorist Failed to Yield - Sign-Controlled Intersection,Intersection,June,15:29,Motorist Drive Out - Sign-Controlled Intersection,2008,B: Evident Injury,Residential,20-24,21,No,0-5 mph,O: No Injury,White,Male,Passenger Car,No,No,Daylight,Urban (>70% Developed),2 lanes,2,Straight - Level,Local Street,Dry,"Two-Way, Not Divided",None,T-Intersection,Smooth Asphalt,Urban,20 - 25  MPH,Stop Sign,Clear,No
"35.9145870936, -79.0658027459","{u'type': u'Point', u'coordinates': [-79.06580274589346, 35.91458709362954]}",Yes,10-Jun,8,With Traffic,B: Evident Injury,Travel Lane,Black,Male,Chapel Hill,Orange,No,Saturday,Bicyclist Failed to Yield - Sign-Controlled Intersection,Intersection,November,15:55,Bicyclist Ride Through - Sign-Controlled Intersection,2011,B: Evident Injury,Residential,40-49,46,No,Unknown,O: No Injury,Black,Male,Sport Utility,No,No,Daylight,Urban (>70% Developed),2 lanes,2,Straight - Grade,Local Street,Dry,"Two-Way, Not Divided",None,Four-Way Intersection,Smooth Asphalt,Urban,20 - 25  MPH,Stop Sign,Clear,No