Geo Point,Geo Shape,Ambulance,Biker Age Group,Biker Age,Bike Direction,Biker Injury,Bike Position,Biker Race,Biker Sex,City,County,crashalcoh,Day,Cause of Incident,Location of Crash,Month,Time (Military Time),Crash Type,Year,crsh_sevri,Development,drvrage_gr,Driver Age,drvr_alc_d,drvr_estep,Driver Injury,Driver Race,Driver Sex,Driver Vehicle Type,Excessive Speeding,Hit and Run,Lighting Conditions,Locality,Number of Lanes,Number of Units,Road Characteristics,Road Class,rd_conditi,Road Configuration,Road Defects,Road Feature,Road Surface,Rural/Urban,Speed Limit,Traffic Control,Weather,Workzone
"36.0328271194, -79.0383027434","{u'type': u'Point', u'coordinates': [-79.03830274340153, 36.032827119354735]}",Yes,20-24,22,With Traffic,B: Evident Injury,Travel Lane,White,Male,None - Rural Crash,Orange,No,Monday,Motorist Failed to Yield - Sign-Controlled Intersection,Intersection,December,16:00,Motorist Drive Out - Sign-Controlled Intersection,2012,B: Evident Injury,"Farms, Woods, Pastures",40-49,40,No,21-25 mph,O: No Injury,White,Male,Passenger Car,No,No,Daylight,Rural (<30% Developed),2 lanes,2,Straight - Grade,State Secondary Route,Dry,"Two-Way, Not Divided",None,T-Intersection,Smooth Asphalt,Rural,40 - 45  MPH,Stop Sign,Clear,No
"35.9132570933, -79.0557277422","{u'type': u'Point', u'coordinates': [-79.05572774221879, 35.913257093267134]}",No,20-24,21,With Traffic,B: Evident Injury,Travel Lane,White,Female,Chapel Hill,Orange,No,Monday,Bicyclist Overtaking Motorist,Intersection,August,14:46,Bicyclist Overtaking - Passing on Right,2008,B: Evident Injury,Commercial,50-59,54,No,Unknown,O: No Injury,White,Male,Sport Utility,No,No,Daylight,Urban (>70% Developed),4 lanes,2,Straight - Level,Local Street,Dry,"Two-Way, Not Divided",None,Four-Way Intersection,Smooth Asphalt,Urban,20 - 25  MPH,Stop And Go Signal,Clear,No
"36.0329571184, -79.0568427493","{u'type': u'Point', u'coordinates': [-79.0568427492543, 36.032957118433295]}",Yes,25-29,25,With Traffic,B: Evident Injury,Travel Lane,White,Male,None - Rural Crash,Orange,No,Saturday,Motorist Left Turn / Merge,Non-Intersection,June,19:01,Motorist Left Turn - Opposite Direction,2007,B: Evident Injury,"Farms, Woods, Pastures",Unknown,Unknown,No,11-15 mph,Unknown Injury,Unknown/Missing,Unknown,Pickup,No,Yes,Daylight,Rural (<30% Developed),2 lanes,2,Curve - Hillcrest,State Secondary Route,Dry,"Two-Way, Not Divided",None,No Special Feature,Smooth Asphalt,Rural,40 - 45  MPH,"Double Yellow Line, No Passing Zone",Clear,No
"35.9110440926, -79.0661327455","{u'type': u'Point', u'coordinates': [-79.066132745513, 35.91104409257926]}",No,Unknown,Unknown,Facing Traffic,C: Possible Injury,Sidewalk / Crosswalk / Driveway Crossing,Black,Male,Chapel Hill,Orange,No,Saturday,Motorist Failed to Yield - Sign-Controlled Intersection,Intersection,June,13:40,Motorist Drive Out - Sign-Controlled Intersection,2008,C: Possible Injury,Commercial,50-59,51,No,Unknown,O: No Injury,White,Female,Passenger Car,No,No,Daylight,Urban (>70% Developed),2 lanes,2,Straight - Level,Local Street,Dry,"Two-Way, Not Divided",None,No Special Feature,Smooth Asphalt,Urban,20 - 25  MPH,Stop Sign,Clear,No
"35.9180020935, -79.0745267483","{u'type': u'Point', u'coordinates': [-79.07452674832831, 35.91800209354116]}",Yes,25-29,27,Not Applicable,C: Possible Injury,Driveway / Alley,White,Female,Carrboro,Orange,No,Friday,Loss of Control / Turning Error,Non-Intersection,November,21:44,Bicyclist Lost Control - Other / Unknown,2009,C: Possible Injury,Residential,20-24,23,No,0-5 mph,O: No Injury,White,Female,Passenger Car,No,No,Dark - Lighted Roadway,Urban (>70% Developed),2 lanes,2,Straight - Hillcrest,Local Street,Dry,"Two-Way, Not Divided",None,No Special Feature,Smooth Asphalt,Urban,20 - 25  MPH,No Control Present,Clear,No
"35.9903901087, -79.0729827518","{u'type': u'Point', u'coordinates': [-79.07298275177433, 35.990390108748706]}",Yes,30-39,34,With Traffic,B: Evident Injury,Travel Lane,White,Male,None - Rural Crash,Orange,No,Friday,Motorist Left Turn / Merge,Non-Intersection,October,17:10,Motorist Left Turn - Opposite Direction,2007,B: Evident Injury,"Farms, Woods, Pastures",0-19,18,No,11-15 mph,O: No Injury,White,Female,Passenger Car,No,No,Daylight,Mixed (30% To 70% Developed),2 lanes,2,Straight - Grade,State Secondary Route,Dry,"Two-Way, Not Divided",None,"Driveway, Private",Smooth Asphalt,Rural,30 - 35  MPH,No Control Present,Clear,No
"35.9121320931, -79.062517744","{u'type': u'Point', u'coordinates': [-79.0625177440082, 35.91213209314764]}",Yes,20-24,20,With Traffic,C: Possible Injury,Unknown,White,Male,Chapel Hill,Orange,Yes,Sunday,Motorist Failed to Yield - Midblock,Non-Intersection,October,9:54,Motorist Drive Out - Commercial Driveway / Alley,2008,C: Possible Injury,Residential,20-24,22,Yes,0-5 mph,O: No Injury,White,Male,Sport Utility,No,No,Daylight,Urban (>70% Developed),2 lanes,2,Straight - Level,Public Vehicular Area,Dry,"Two-Way, Not Divided",None,"Driveway, Public",Smooth Asphalt,Urban,20 - 25  MPH,No Control Present,Clear,No
"35.9303770979, -79.0252027339","{u'type': u'Point', u'coordinates': [-79.02520273386075, 35.93037709792932]}",Yes,30-39,33,With Traffic,C: Possible Injury,Travel Lane,White,Female,Chapel Hill,Orange,No,Sunday,Motorist Left Turn / Merge,Non-Intersection,September,10:50,Motorist Left Turn - Opposite Direction,2012,C: Possible Injury,Commercial,70+,70+,No,6-10 mph,O: No Injury,White,Female,Passenger Car,No,No,Daylight,Urban (>70% Developed),3 lanes,2,Straight - Level,Local Street,Dry,"Two-Way, Not Divided",None,T-Intersection,Coarse Asphalt,Urban,20 - 25  MPH,No Control Present,Clear,No
"35.9126920935, -79.0489927399","{u'type': u'Point', u'coordinates': [-79.04899273988222, 35.912692093451724]}",No,16-19,19,With Traffic,B: Evident Injury,Travel Lane,White,Male,Chapel Hill,Orange,No,Wednesday,Motorist Left Turn / Merge,Intersection,August,19:25,Motorist Left Turn - Opposite Direction,2010,B: Evident Injury,Institutional,20-24,21,No,0-5 mph,O: No Injury,White,Male,Sport Utility,No,No,Daylight,Urban (>70% Developed),2 lanes,2,Straight - Grade,Local Street,Dry,"Two-Way, Not Divided",None,No Special Feature,Smooth Asphalt,Urban,20 - 25  MPH,No Control Present,Clear,No
"35.9160570939, -79.0480067397","{u'type': u'Point', u'coordinates': [-79.04800673969231, 35.916057093923605]}",No,20-24,22,With Traffic,C: Possible Injury,Travel Lane,Unknown/Missing,Male,Chapel Hill,Orange,Yes,Thursday,Motorist Failed to Yield - Sign-Controlled Intersection,Intersection,May,23:09,Motorist Drive Out - Sign-Controlled Intersection,2007,C: Possible Injury,Residential,40-49,48,No,6-10 mph,O: No Injury,Black,Male,Sport Utility,No,No,Dark - Roadway Not Lighted,Urban (>70% Developed),4 lanes,2,Straight - Level,Local Street,Dry,"Two-Way, Not Divided",None,No Special Feature,Smooth Asphalt,Urban,20 - 25  MPH,Stop Sign,Clear,No
"35.917644093, -79.0942627539","{u'type': u'Point', u'coordinates': [-79.09426275387789, 35.91764409304694]}",Yes,25-29,29,With Traffic,B: Evident Injury,Travel Lane,White,Male,Carrboro,Orange,No,Wednesday,Bicyclist Failed to Yield - Signalized Intersection,Intersection,January,11:26,Bicyclist Failed to Clear - Multiple Threat,2008,B: Evident Injury,Commercial,50-59,52,No,26-30 mph,O: No Injury,Black,Female,Passenger Car,No,No,Daylight,Urban (>70% Developed),4 lanes,2,Curve - Hillcrest,NC Route,Dry,"Two-Way, Divided, Unprotected Median",None,Four-Way Intersection,Smooth Asphalt,Urban,40 - 45  MPH,Stop And Go Signal,Clear,No
"35.9107670925, -79.0691027466","{u'type': u'Point', u'coordinates': [-79.06910274659306, 35.91076709245438]}",Yes,20-24,24,Facing Traffic,B: Evident Injury,Travel Lane,White,Female,Carrboro,Orange,No,Tuesday,Crossing Paths - Other Circumstances,Intersection,March,22:44,Signalized Intersection - Other / Unknown,2012,B: Evident Injury,Commercial,25-29,26,No,0-5 mph,O: No Injury,White,Male,Sport Utility,No,No,Dark - Lighted Roadway,Urban (>70% Developed),2 lanes,2,Straight - Level,Local Street,Wet,"Two-Way, Not Divided",None,Related To Intersection,Coarse Asphalt,Urban,20 - 25  MPH,Stop And Go Signal,Rain,No
"35.9117270925, -79.0624127445","{u'type': u'Point', u'coordinates': [-79.06241274448502, 35.91172709253124]}",Yes,25-29,25,With Traffic,B: Evident Injury,Travel Lane,White,Male,Chapel Hill,Orange,No,Saturday,Motorist Failed to Yield - Sign-Controlled Intersection,Intersection,July,12:04,Motorist Drive Out - Sign-Controlled Intersection,2009,B: Evident Injury,Commercial,50-59,54,No,0-5 mph,O: No Injury,Black,Male,Passenger Car,No,No,Daylight,Urban (>70% Developed),2 lanes,2,Straight - Grade,Local Street,Dry,"Two-Way, Not Divided",None,T-Intersection,Smooth Asphalt,Urban,20 - 25  MPH,Stop Sign,Clear,No
"35.9297270993, -78.9894027232","{u'type': u'Point', u'coordinates': [-78.98940272323892, 35.929727099295604]}",Yes,40-49,49,With Traffic,C: Possible Injury,Travel Lane,White,Male,None - Rural Crash,Durham,No,Wednesday,Loss of Control / Turning Error,Intersection,September,9:58,Motorist Turning Error - Left Turn,2012,C: Possible Injury,"Farms, Woods, Pastures",25-29,29,No,21-25 mph,O: No Injury,Black,Female,Passenger Car,No,No,Daylight,Rural (<30% Developed),3 lanes,2,Straight - Level,State Secondary Route,Dry,"Two-Way, Not Divided",None,No Special Feature,Coarse Asphalt,Rural,40 - 45  MPH,Stop And Go Signal,Clear,No
"35.9615211037, -79.0551177441","{u'type': u'Point', u'coordinates': [-79.05511774412379, 35.96152110373503]}",No,16-19,19,Facing Traffic,B: Evident Injury,Sidewalk / Crosswalk / Driveway Crossing,White,Male,Chapel Hill,Orange,No,Thursday,Crossing Paths - Other Circumstances,Intersection,June,12:51,Sign-Controlled Intersection - Other / Unknown,2008,B: Evident Injury,Residential,Unknown,Unknown,Missing,0-5 mph,Unknown Injury,Unknown/Missing,Unknown,Unknown,No,Yes,Daylight,Urban (>70% Developed),2 lanes,2,Straight - Level,Local Street,Dry,"Two-Way, Not Divided",None,No Special Feature,Smooth Asphalt,Urban,Unknown,Stop Sign,Clear,No
"35.9093570932, -79.0269027337","{u'type': u'Point', u'coordinates': [-79.02690273368188, 35.909357093223385]}",No,40-49,48,With Traffic,C: Possible Injury,Bike Lane / Paved Shoulder,White,Male,Chapel Hill,Orange,No,Monday,Motorist Overtaking Bicyclist,Non-Intersection,May,13:14,Motorist Overtaking - Misjudged Space,2011,C: Possible Injury,Commercial,Unknown,Unknown,Missing,41-45 mph,Unknown Injury,Unknown/Missing,Unknown,Unknown,No,Yes,Daylight,Urban (>70% Developed),4 lanes,2,Straight - Level,US Route,Dry,"Two-Way, Divided, Unprotected Median",None,On or Off Ramp,Concrete,Urban,40 - 45  MPH,No Control Present,Clear,No
"35.9085270923, -79.0529027408","{u'type': u'Point', u'coordinates': [-79.05290274075288, 35.90852709226568]}",Yes,16-19,18,With Traffic,B: Evident Injury,Sidewalk / Crosswalk / Driveway Crossing,Black,Female,Chapel Hill,Orange,No,Wednesday,Bicyclist Failed to Yield - Signalized Intersection,Intersection,December,10:41,Bicyclist Failed to Clear - Multiple Threat,2012,B: Evident Injury,Institutional,25-29,26,No,0-5 mph,O: No Injury,White,Female,Sport Utility,No,No,Daylight,Urban (>70% Developed),3 lanes,2,Straight - Level,Local Street,Dry,"Two-Way, Not Divided",None,No Special Feature,Smooth Asphalt,Urban,20 - 25  MPH,Stop And Go Signal,Cloudy,No
"35.9326740986, -79.0112527299","{u'type': u'Point', u'coordinates': [-79.01125272986329, 35.93267409858912]}",Yes,40-49,48,With Traffic,C: Possible Injury,Travel Lane,White,Female,Chapel Hill,Orange,No,Sunday,Motorist Left Turn / Merge,Intersection,March,18:01,Motorist Left Turn - Opposite Direction,2008,C: Possible Injury,Residential,70+,70+,No,16-20 mph,O: No Injury,White,Female,Passenger Car,No,No,Daylight,Urban (>70% Developed),2 lanes,2,Straight - Level,Local Street,Dry,"Two-Way, Not Divided",None,Four-Way Intersection,Smooth Asphalt,Urban,30 - 35  MPH,No Control Present,Clear,No
"35.9073970913, -79.0631527442","{u'type': u'Point', u'coordinates': [-79.0631527442048, 35.90739709134507]}",Yes,25-29,26,With Traffic,C: Possible Injury,Travel Lane,White,Male,Chapel Hill,Orange,No,Thursday,Motorist Right Turn / Merge,Intersection,January,11:13,Motorist Right Turn - Same Direction,2010,C: Possible Injury,Residential,50-59,59,No,16-20 mph,O: No Injury,Black,Male,Pickup,No,No,Daylight,Urban (>70% Developed),2 lanes,2,Straight - Level,Local Street,Dry,"Two-Way, Not Divided",None,No Special Feature,Smooth Asphalt,Urban,20 - 25  MPH,Other,Clear,No
"35.9089399998, -79.0588999998","{u'type': u'Point', u'coordinates': [-79.05889999975244, 35.908939999779165]}",No,20-24,23,Facing Traffic,C: Possible Injury,Travel Lane,White,Male,Chapel Hill,Orange,Yes,Wednesday,Motorist Failed to Yield - Signalized Intersection,Intersection,July,18:49,Motorist Drive Through - Signalized Intersection,2013,C: Possible Injury,Residential,20-24,21,Yes,26-30 mph,O: No Injury,White,Male,Passenger Car,No,No,Daylight,Urban (>70% Developed),2 lanes,2,Straight - Level,Local Street,Dry,"Two-Way, Not Divided",None,No Special Feature,Smooth Asphalt,Urban,20 - 25  MPH,Stop And Go Signal,Clear,No
"35.9351000002, -79.0561999998","{u'type': u'Point', u'coordinates': [-79.05619999981158, 35.93510000020516]}",Yes,15-Nov,12,Facing Traffic,B: Evident Injury,Travel Lane,Black,Male,Chapel Hill,Orange,No,Thursday,Bicyclist Failed to Yield - Signalized Intersection,Intersection,November,18:56,Bicyclist Ride Through - Signalized Intersection,2013,B: Evident Injury,Commercial,0-19,18,No,31-35 mph,O: No Injury,White,Male,Passenger Car,No,No,Dark - Lighted Roadway,Mixed (30% To 70% Developed),5 lanes,2,Straight - Level,Local Street,Dry,"Two-Way, Not Divided",None,Four-Way Intersection,Smooth Asphalt,Urban,30 - 35  MPH,Stop And Go Signal,Clear,No
"35.9117770926, -79.0595887438","{u'type': u'Point', u'coordinates': [-79.059588743836, 35.911777092581104]}",Yes,16-19,18,With Traffic,B: Evident Injury,Sidewalk / Crosswalk / Driveway Crossing,White,Male,Chapel Hill,Orange,No,Thursday,Bicyclist Failed to Yield - Signalized Intersection,Intersection,November,18:31,Bicyclist Ride Through - Signalized Intersection,2008,B: Evident Injury,Commercial,20-24,23,No,6-10 mph,O: No Injury,White,Female,"Light Truck (Mini-Van, Panel)",No,No,Dark - Lighted Roadway,Urban (>70% Developed),4 lanes,2,Straight - Bottom,Local Street,Wet,"Two-Way, Not Divided",None,Four-Way Intersection,Smooth Asphalt,Urban,20 - 25  MPH,Stop And Go Signal,Cloudy,No
"35.922087095, -79.0517027419","{u'type': u'Point', u'coordinates': [-79.05170274194363, 35.92208709496408]}",No,25-29,27,With Traffic,C: Possible Injury,Travel Lane,White,Female,Chapel Hill,Orange,No,Tuesday,Motorist Failed to Yield - Midblock,Non-Intersection,December,13:30,Motorist Drive Out - Residential Driveway,2012,C: Possible Injury,"Farms, Woods, Pastures",20-24,21,No,0-5 mph,O: No Injury,White,Male,Passenger Car,No,No,Daylight,Urban (>70% Developed),2 lanes,2,Straight - Grade,Local Street,Dry,"Two-Way, Not Divided",None,No Special Feature,Smooth Asphalt,Urban,20 - 25  MPH,"Double Yellow Line, No Passing Zone",Clear,No
"35.9254300002, -79.0246999995","{u'type': u'Point', u'coordinates': [-79.02469999947469, 35.925430000193984]}",Yes,70+,0,With Traffic,B: Evident Injury,Bike Lane / Paved Shoulder,White,Male,Chapel Hill,Orange,No,Tuesday,Motorist Overtaking Bicyclist,Non-Intersection,July,16:48,Motorist Overtaking - Other / Unknown,2013,B: Evident Injury,Commercial,40-49,44,No,41-45 mph,O: No Injury,White,Male,Tractor/Semi-Trailer,No,No,Daylight,Urban (>70% Developed),4 lanes,2,Straight - Level,US Route,Dry,"Two-Way, Divided, Unprotected Median",None,No Special Feature,Smooth Asphalt,Urban,40 - 45  MPH,No Control Present,Clear,No
"35.9117199998, -79.0622000001","{u'type': u'Point', u'coordinates': [-79.06220000005987, 35.91171999975163]}",Yes,20-24,24,With Traffic,B: Evident Injury,Travel Lane,White,Male,Chapel Hill,Orange,No,Wednesday,Motorist Left Turn / Merge,Intersection-Related,October,19:00,Motorist Left Turn - Opposite Direction,2013,B: Evident Injury,Commercial,20-24,23,No,0-5 mph,O: No Injury,White,Male,Passenger Car,No,No,Dark - Lighted Roadway,Urban (>70% Developed),2 lanes,2,Straight - Level,Local Street,Dry,Unknown,None,No Special Feature,Concrete,Urban,20 - 25  MPH,No Control Present,Clear,No
"35.910947092, -79.0670027453","{u'type': u'Point', u'coordinates': [-79.06700274526085, 35.91094709203774]}",Yes,50-59,57,With Traffic,B: Evident Injury,Travel Lane,White,Male,Carrboro,Orange,No,Sunday,Motorist Overtaking Bicyclist,Intersection-Related,November,15:29,Motorist Overtaking - Bicyclist Swerved,2012,B: Evident Injury,Commercial,50-59,58,No,11-15 mph,O: No Injury,Black,Male,Pickup,No,No,Daylight,Urban (>70% Developed),Unknown,2,Straight - Level,Local Street,Dry,"Two-Way, Not Divided",None,No Special Feature,Coarse Asphalt,Urban,20 - 25  MPH,Stop And Go Signal,Clear,No
"35.915260094, -79.0568027424","{u'type': u'Point', u'coordinates': [-79.05680274235331, 35.91526009397395]}",Yes,25-29,28,With Traffic,B: Evident Injury,Travel Lane,White,Male,Chapel Hill,Orange,No,Friday,Motorist Left Turn / Merge,Intersection,March,18:32,Motorist Left Turn - Opposite Direction,2010,B: Evident Injury,Residential,25-29,26,No,16-20 mph,O: No Injury,Black,Female,Passenger Car,No,No,Daylight,Urban (>70% Developed),5 lanes,2,Curve - Grade,Local Street,Dry,"Two-Way, Not Divided",None,Four-Way Intersection,Smooth Asphalt,Urban,30 - 35  MPH,Yield Sign,Clear,No
"35.9075230917, -79.062782744","{u'type': u'Point', u'coordinates': [-79.06278274395892, 35.907523091704945]}",Yes,15-Nov,13,With Traffic,C: Possible Injury,Bike Lane / Paved Shoulder,White,Female,Chapel Hill,Orange,No,Monday,Motorist Left Turn / Merge,Intersection,November,17:42,Motorist Left Turn - Opposite Direction,2009,C: Possible Injury,Residential,30-39,34,No,21-25 mph,O: No Injury,Black,Male,Passenger Car,No,No,Dark - Lighted Roadway,Urban (>70% Developed),2 lanes,2,Straight - Level,Local Street,Wet,"Two-Way, Divided, Unprotected Median",None,No Special Feature,Smooth Asphalt,Urban,20 - 25  MPH,No Control Present,Cloudy,No
"35.9666511079, -78.9674927182","{u'type': u'Point', u'coordinates': [-78.9674927182438, 35.966651107914345]}",Yes,50-59,52,With Traffic,A: Disabling Injury,Travel Lane,White,Male,Durham,Durham,No,Monday,Motorist Overtaking Bicyclist,Non-Intersection,April,20:25,Motorist Overtaking - Undetected Bicyclist,2007,A: Disabling Injury,Commercial,20-24,20,No,41-45 mph,O: No Injury,White,Female,Passenger Car,No,No,Dark - Roadway Not Lighted,Urban (>70% Developed),4 lanes,2,Straight - Grade,Local Street,Dry,"Two-Way, Divided, Unprotected Median",None,On or Off Ramp,Smooth Asphalt,Urban,40 - 45  MPH,No Control Present,Clear,No
"36.0326531213, -78.9825627263","{u'type': u'Point', u'coordinates': [-78.98256272627279, 36.03265312134438]}",Yes,40-49,41,With Traffic,B: Evident Injury,Travel Lane,White,Male,Durham,Durham,No,Wednesday,Motorist Overtaking Bicyclist,Non-Intersection,May,19:23,Motorist Overtaking - Misjudged Space,2007,B: Evident Injury,Commercial,40-49,41,No,41-45 mph,O: No Injury,White,Female,Van,No,No,Daylight,Urban (>70% Developed),2 lanes,2,Straight - Level,Local Street,Dry,"Two-Way, Not Divided",None,No Special Feature,Coarse Asphalt,Urban,40 - 45  MPH,No Control Present,Clear,No
"35.9352790982, -79.0560177439","{u'type': u'Point', u'coordinates': [-79.05601774388467, 35.93527909823596]}",Yes,30-39,33,Facing Traffic,B: Evident Injury,Sidewalk / Crosswalk / Driveway Crossing,White,Male,Chapel Hill,Orange,No,Friday,Crossing Paths - Other Circumstances,Intersection,September,20:39,Signalized Intersection - Other / Unknown,2008,B: Evident Injury,Residential,30-39,31,No,Unknown,O: No Injury,White,Female,Passenger Car,No,No,Dark - Roadway Not Lighted,Urban (>70% Developed),5 lanes,2,Straight - Level,Local Street,"Water (Standing, Moving)","Two-Way, Divided, Unprotected Median",None,Four-Way Intersection,Smooth Asphalt,Urban,30 - 35  MPH,Stop And Go Signal,Rain,No
"35.9255470942, -79.0920027537","{u'type': u'Point', u'coordinates': [-79.09200275372433, 35.92554709420366]}",Yes,30-39,31,With Traffic,B: Evident Injury,Travel Lane,White,Male,Carrboro,Orange,No,Tuesday,Bicyclist Overtaking Motorist,Non-Intersection,March,12:28,Bicyclist Overtaking - Parked Vehicle,2011,B: Evident Injury,Residential,Unknown,Unknown,Missing,Unknown,Unknown Injury,Unknown/Missing,Unknown,Commercial Bus,No,No,Daylight,Urban (>70% Developed),2 lanes,2,Straight - Level,State Secondary Route,Dry,"Two-Way, Not Divided",None,No Special Feature,Smooth Asphalt,Urban,30 - 35  MPH,"Double Yellow Line, No Passing Zone",Clear,No
"36.0325471211, -78.9843027275","{u'type': u'Point', u'coordinates': [-78.98430272751382, 36.0325471211292]}",Yes,15-Nov,13,Facing Traffic,C: Possible Injury,Travel Lane,White,Male,Durham,Durham,No,Monday,Head-On,Intersection,October,15:18,Head-On - Bicyclist,2012,C: Possible Injury,Residential,70+,70+,No,31-35 mph,O: No Injury,White,Male,Sport Utility,No,No,Daylight,Urban (>70% Developed),2 lanes,2,Straight - Level,Local Street,Dry,"Two-Way, Divided, Unprotected Median",None,No Special Feature,Smooth Asphalt,Urban,30 - 35  MPH,Stop Sign,Cloudy,No
"35.964087104, -79.0582027456","{u'type': u'Point', u'coordinates': [-79.05820274558646, 35.964087104028906]}",Yes,40-49,48,Facing Traffic,C: Possible Injury,Sidewalk / Crosswalk / Driveway Crossing,White,Male,Chapel Hill,Orange,No,Friday,Bicyclist Failed to Yield - Signalized Intersection,Intersection,April,16:02,Bicyclist Ride Out - Signalized  Intersection,2011,C: Possible Injury,Commercial,40-49,43,No,0-5 mph,O: No Injury,White,Female,Van,No,No,Daylight,Urban (>70% Developed),5 lanes,2,Straight - Level,NC Route,Wet,"Two-Way, Divided, Unprotected Median",None,Four-Way Intersection,Smooth Asphalt,Urban,30 - 35  MPH,Stop And Go Signal,Rain,No
"36.0334311216, -78.973302724","{u'type': u'Point', u'coordinates': [-78.97330272402468, 36.033431121567084]}",Yes,30-39,33,With Traffic,B: Evident Injury,Travel Lane,Hispanic,Male,Durham,Durham,No,Tuesday,Bicyclist Left Turn / Merge,Non-Intersection,July,15:18,Bicyclist Left Turn - Same Direction,2008,B: Evident Injury,Commercial,50-59,58,No,31-35 mph,O: No Injury,White,Male,Pickup,No,No,Daylight,Urban (>70% Developed),2 lanes,2,Straight - Level,Local Street,Dry,"Two-Way, Not Divided",None,No Special Feature,Coarse Asphalt,Urban,30 - 35  MPH,No Control Present,Clear,No
"35.9292570976, -79.0341727362","{u'type': u'Point', u'coordinates': [-79.03417273620155, 35.92925709758748]}",Yes,16-19,18,With Traffic,B: Evident Injury,Unknown,White,Male,Chapel Hill,Orange,No,Saturday,Bicyclist Failed to Yield - Signalized Intersection,Intersection,September,14:17,Bicyclist Ride Out - Signalized  Intersection,2007,B: Evident Injury,Commercial,60-69,68,No,0-5 mph,O: No Injury,White,Female,Passenger Car,No,No,Daylight,Urban (>70% Developed),9 or more lanes,2,Straight - Level,Local Street,Dry,"Two-Way, Not Divided",None,Four-Way Intersection,Smooth Asphalt,Urban,30 - 35  MPH,Stop And Go Signal,Clear,No
"35.8915970884, -79.0644427439","{u'type': u'Point', u'coordinates': [-79.06444274385063, 35.89159708844774]}",No,40-49,43,With Traffic,B: Evident Injury,Travel Lane,White,Male,Chapel Hill,Orange,No,Monday,Motorist Right Turn / Merge,Intersection,February,13:27,Motorist Right Turn - Same Direction,2008,B: Evident Injury,Residential,0-19,19,No,26-30 mph,O: No Injury,White,Male,Passenger Car,No,No,Daylight,Urban (>70% Developed),2 lanes,2,Curve - Grade,Local Street,Dry,"Two-Way, Not Divided",None,T-Intersection,Smooth Asphalt,Urban,30 - 35  MPH,Stop Sign,Clear,No
"35.921863093, -79.1078627587","{u'type': u'Point', u'coordinates': [-79.10786275871824, 35.92186309303961]}",No,60-69,64,With Traffic,C: Possible Injury,Bike Lane / Paved Shoulder,White,Male,None - Rural Crash,Orange,No,Tuesday,Loss of Control / Turning Error,Non-Intersection,June,9:13,Motorist Lost Control - Other / Unknown,2009,C: Possible Injury,"Farms, Woods, Pastures",Unknown,Unknown,No,36-40 mph,Unknown Injury,Unknown/Missing,Unknown,Unknown,No,Yes,Daylight,Rural (<30% Developed),2 lanes,2,Straight - Level,NC Route,Dry,"Two-Way, Not Divided",None,No Special Feature,Smooth Asphalt,Rural,40 - 45  MPH,"Double Yellow Line, No Passing Zone",Clear,No
"35.908867092, -79.0593027431","{u'type': u'Point', u'coordinates': [-79.05930274311167, 35.90886709204745]}",Yes,20-24,23,With Traffic,B: Evident Injury,Bike Lane / Paved Shoulder,White,Female,Chapel Hill,Orange,No,Sunday,Motorist Right Turn / Merge,Intersection,October,20:06,Motorist Right Turn - Same Direction,2011,B: Evident Injury,Residential,20-24,21,No,0-5 mph,O: No Injury,White,Female,Passenger Car,No,No,Dark - Lighted Roadway,Urban (>70% Developed),2 lanes,2,Straight - Level,Local Street,Dry,"Two-Way, Not Divided",None,T-Intersection,Smooth Asphalt,Urban,30 - 35  MPH,No Control Present,Clear,No
"35.9131870936, -79.0588027428","{u'type': u'Point', u'coordinates': [-79.05880274283945, 35.913187093579936]}",Yes,40-49,48,With Traffic,Unknown Injury,Travel Lane,White,Male,Chapel Hill,Orange,No,Wednesday,Motorist Right Turn / Merge,Intersection,February,17:22,Motorist Right Turn - Same Direction,2011,O: No Injury,Commercial,25-29,28,No,0-5 mph,O: No Injury,White,Male,Van,No,No,Daylight,Urban (>70% Developed),2 lanes,2,Straight - Level,Local Street,Dry,"Two-Way, Not Divided",None,Four-Way Intersection,Smooth Asphalt,Urban,20 - 25  MPH,Stop And Go Signal,Clear,No
"35.9755471097, -78.9738027211","{u'type': u'Point', u'coordinates': [-78.97380272109501, 35.975547109747644]}",Yes,16-19,16,With Traffic,C: Possible Injury,Travel Lane,White,Male,Durham,Durham,No,Saturday,Motorist Overtaking Bicyclist,Non-Intersection,June,12:09,Motorist Overtaking - Other / Unknown,2012,C: Possible Injury,Residential,Unknown,Unknown,Missing,0-5 mph,Unknown Injury,Unknown/Missing,Unknown,Unknown Heavy Truck,No,Yes,Daylight,Urban (>70% Developed),2 lanes,2,Straight - Level,Local Street,Dry,"One-Way, Not Divided",None,No Special Feature,Smooth Asphalt,Urban,30 - 35  MPH,No Control Present,Clear,No